gid,variant,run_level,peak_month,peak_val,country
AGO.1_1,offset,1,12,0.64623567825,AGO
AGO.10_1,offset,1,12,0.64623567825,AGO
AGO.11_1,offset,1,12,0.64623567825,AGO
AGO.12_1,offset,1,12,0.64623567825,AGO
AGO.13_1,offset,1,12,0.64623567825,AGO
AGO.14_1,offset,1,12,0.64623567825,AGO
AGO.15_1,offset,1,12,0.64623567825,AGO
AGO.16_1,offset,1,12,0.64623567825,AGO
AGO.17_1,offset,1,12,0.64623567825,AGO
AGO.18_1,offset,1,12,0.64623567825,AGO
AGO.2_1,offset,1,12,0.64623567825,AGO
AGO.3_1,offset,1,12,0.64623567825,AGO
AGO.4_1,offset,1,12,0.64623567825,AGO
AGO.5_1,offset,1,12,0.64623567825,AGO
AGO.6_1,offset,1,12,0.64623567825,AGO
AGO.7_1,offset,1,12,0.64623567825,AGO
AGO.8_1,offset,1,12,0.64623567825,AGO
AGO.9_1,offset,1,12,0.64623567825,AGO
BEN.1_1,base,1,10,1.1752881225,BEN
BEN.10_1,base,1,10,1.1752881225,BEN
BEN.11_1,base,1,10,1.1752881225,BEN
BEN.12_1,base,1,10,1.1752881225,BEN
BEN.2_1,base,1,10,1.1752881225,BEN
BEN.3_1,base,1,10,1.1752881225,BEN
BEN.4_1,base,1,10,1.1752881225,BEN
BEN.5_1,base,1,10,1.1752881225,BEN
BEN.6_1,base,1,10,1.1752881225,BEN
BEN.7_1,base,1,10,1.1752881225,BEN
BEN.8_1,base,1,10,1.1752881225,BEN
BEN.9_1,base,1,10,1.1752881225,BEN
BFA.1_1,base,1,10,1.4780568816,BFA
BFA.10_1,base,1,10,1.4780568816,BFA
BFA.11_1,base,1,10,1.4780568816,BFA
BFA.12_1,base,1,10,1.4780568816,BFA
BFA.13_1,base,1,10,1.4780568816,BFA
BFA.2_1,base,1,10,1.4780568816,BFA
BFA.3_1,base,1,10,1.4780568816,BFA
BFA.4_1,base,1,10,1.4780568816,BFA
BFA.5_1,base,1,10,1.4780568816,BFA
BFA.6_1,base,1,10,1.4780568816,BFA
BFA.7_1,base,1,10,1.4780568816,BFA
BFA.8_1,base,1,10,1.4780568816,BFA
BFA.9_1,base,1,10,1.4780568816,BFA
CIV.1_1,offset,1,10,0.9096721486133333,CIV
CIV.10_1,offset,1,10,0.9096721486133333,CIV
CIV.11_1,offset,1,10,0.9096721486133333,CIV
CIV.12_1,offset,1,10,0.9096721486133333,CIV
CIV.13_1,offset,1,10,0.9096721486133333,CIV
CIV.14_1,offset,1,10,0.9096721486133333,CIV
CIV.2_1,offset,1,10,0.9096721486133333,CIV
CIV.3_1,offset,1,10,0.9096721486133333,CIV
CIV.4_1,offset,1,10,0.9096721486133333,CIV
CIV.5_1,offset,1,10,0.9096721486133333,CIV
CIV.6_1,offset,1,10,0.9096721486133333,CIV
CIV.7_1,offset,1,10,0.9096721486133333,CIV
CIV.8_1,offset,1,10,0.9096721486133333,CIV
CIV.9_1,offset,1,10,0.9096721486133333,CIV
CMR.1.1_1,mixture,2,3,0.4404705929116667,CMR
CMR.1.2_1,mixture,2,7,0.63828805526,CMR
CMR.1.3_1,mixture,2,3,0.4989084288253333,CMR
CMR.1.4_1,mixture,2,7,0.7225326701993333,CMR
CMR.1.5_1,mixture,2,10,0.9781106275136666,CMR
CMR.10.1_1,mixture,2,7,0.47539082387,CMR
CMR.10.2_1,mixture,2,7,0.67879362896,CMR
CMR.10.3_1,mixture,2,10,1.1885032413333334,CMR
CMR.10.4_1,mixture,2,7,0.8777559230801667,CMR
CMR.2.1_1,mixture,2,7,0.47822395967566667,CMR
CMR.2.10_1,mixture,2,7,0.6226625408363333,CMR
CMR.2.2_1,mixture,2,7,0.6198948570683334,CMR
CMR.2.3_1,mixture,2,7,0.4860911121478,CMR
CMR.2.4_1,mixture,2,7,0.74083639806,CMR
CMR.2.5_1,mixture,2,7,0.5712193567166667,CMR
CMR.2.6_1,mixture,2,3,0.48001801783566667,CMR
CMR.2.7_1,mixture,2,7,0.5547430257503333,CMR
CMR.2.8_1,mixture,2,3,0.8664074244533333,CMR
CMR.2.9_1,mixture,2,7,0.5811230675033333,CMR
CMR.3.1_1,mixture,2,7,0.8502789437266667,CMR
CMR.3.2_1,mixture,2,7,0.43846681701633333,CMR
CMR.3.3_1,mixture,2,10,1.1577654929966668,CMR
CMR.3.4_1,mixture,2,10,1.352585955583,CMR
CMR.4.1_1,mixture,2,10,2.39097308,CMR
CMR.4.2_1,mixture,2,10,2.2973565193333334,CMR
CMR.4.3_1,mixture,2,10,2.3197974723333332,CMR
CMR.4.4_1,mixture,2,10,2.4096741253333334,CMR
CMR.4.5_1,mixture,2,10,2.2983189098666665,CMR
CMR.4.6_1,mixture,2,10,2.373577588,CMR
CMR.5.1_1,mixture,2,3,0.8332032925133334,CMR
CMR.5.2_1,mixture,2,3,0.7019666592666667,CMR
CMR.5.3_1,mixture,2,3,0.7578288349793333,CMR
CMR.5.4_1,mixture,2,3,1.0599503931333334,CMR
CMR.6.1_1,mixture,2,3,0.9043293376846666,CMR
CMR.6.2_1,mixture,2,3,0.644600406833,CMR
CMR.6.3_1,mixture,2,3,0.5693480949743334,CMR
CMR.6.4_1,mixture,2,3,0.9178461536356667,CMR
CMR.6.5_1,mixture,2,3,0.870495772757,CMR
CMR.6.6_1,mixture,2,3,0.9988932535133334,CMR
CMR.6.7_1,mixture,2,3,0.9310720955353333,CMR
CMR.7.1_1,mixture,2,10,2.1793136593333333,CMR
CMR.7.2_1,mixture,2,10,1.6802039718333333,CMR
CMR.7.3_1,mixture,2,10,2.3956233966666667,CMR
CMR.7.4_1,mixture,2,10,1.6499181956366666,CMR
CMR.8.1_1,mixture,2,3,1.03803314593,CMR
CMR.8.2_1,mixture,2,7,0.4867919442963333,CMR
CMR.8.3_1,mixture,2,7,0.532654086525,CMR
CMR.8.4_1,mixture,2,7,0.50723687425,CMR
CMR.8.5_1,mixture,2,3,0.71694630768,CMR
CMR.8.6_1,mixture,2,3,0.7837382266766667,CMR
CMR.8.7_1,mixture,2,7,0.4893275684366667,CMR
CMR.8.8_1,mixture,2,7,0.49680813637366666,CMR
CMR.9.1_1,mixture,2,3,1.0189302402933333,CMR
CMR.9.2_1,mixture,2,3,1.1208035678266666,CMR
CMR.9.3_1,mixture,2,3,1.0849548364,CMR
CMR.9.4_1,mixture,2,3,1.0110633784333334,CMR
CMR.9.5_1,mixture,2,3,1.226966848,CMR
CMR.9.6_1,mixture,2,3,1.2903286397333333,CMR
COD.1.1_1,mixture,2,3,0.6129180409793814,COD
COD.1.10_1,mixture,2,3,0.19296907842783506,COD
COD.1.2_1,mixture,2,1,0.18899142340206185,COD
COD.1.3_1,mixture,2,1,0.18551848911340207,COD
COD.1.4_1,mixture,2,3,0.19725635750515463,COD
COD.1.5_1,mixture,2,12,0.17953033157216494,COD
COD.1.6_1,mixture,2,1,0.17728883181958763,COD
COD.1.7_1,mixture,2,1,0.1799109819587629,COD
COD.1.8_1,mixture,2,10,0.29022960407216497,COD
COD.1.9_1,mixture,2,10,0.2876588329798969,COD
COD.10.1_1,mixture,2,3,0.5785111237113402,COD
COD.11.1_1,mixture,2,10,0.18883953479381443,COD
COD.11.10_1,mixture,2,10,0.7943095096134021,COD
COD.11.11_1,mixture,2,10,0.2081923961314433,COD
COD.11.12_1,mixture,2,10,0.5228538046391753,COD
COD.11.13_1,mixture,2,1,0.17760690917525773,COD
COD.11.14_1,mixture,2,3,0.26912330469072165,COD
COD.11.15_1,mixture,2,1,0.17796779641752578,COD
COD.11.16_1,mixture,2,3,0.397270041185567,COD
COD.11.17_1,mixture,2,10,0.4876775000515464,COD
COD.11.18_1,mixture,2,3,0.30227226476804125,COD
COD.11.19_1,mixture,2,10,0.22847678824742268,COD
COD.11.2_1,mixture,2,3,0.2925512392731959,COD
COD.11.3_1,mixture,2,10,0.2708164235051546,COD
COD.11.4_1,mixture,2,10,0.38282345231958764,COD
COD.11.5_1,mixture,2,10,0.27265688617525774,COD
COD.11.6_1,mixture,2,10,0.24525301219072165,COD
COD.11.7_1,mixture,2,10,0.6473634525515464,COD
COD.11.8_1,mixture,2,10,0.18911425780927835,COD
COD.11.9_1,mixture,2,3,0.412587165257732,COD
COD.12.1_1,mixture,2,1,0.19009370646391752,COD
COD.12.2_1,mixture,2,3,0.20208186558505153,COD
COD.12.3_1,mixture,2,10,0.24673904657216494,COD
COD.12.4_1,mixture,2,10,0.213611371564433,COD
COD.12.5_1,mixture,2,10,0.28400286907216493,COD
COD.12.6_1,mixture,2,10,0.20480157470618557,COD
COD.12.7_1,mixture,2,10,0.2532252392242268,COD
COD.12.8_1,mixture,2,10,0.22255521837628867,COD
COD.13.1_1,mixture,2,10,0.4525154701804124,COD
COD.13.10_1,mixture,2,10,0.2882620239690722,COD
COD.13.11_1,mixture,2,10,0.31850767987113404,COD
COD.13.12_1,mixture,2,10,0.2613176554329897,COD
COD.13.13_1,mixture,2,10,0.2897146819072165,COD
COD.13.2_1,mixture,2,10,0.3125013770360825,COD
COD.13.3_1,mixture,2,3,0.2110554344845361,COD
COD.13.4_1,mixture,2,1,0.19150087657216494,COD
COD.13.5_1,mixture,2,10,0.33316040512628864,COD
COD.13.6_1,mixture,2,3,0.2869497132087629,COD
COD.13.7_1,mixture,2,10,0.2907647032139175,COD
COD.13.8_1,mixture,2,10,0.6833664642783505,COD
COD.13.9_1,mixture,2,10,0.4722888263247423,COD
COD.14.1_1,mixture,2,10,0.30233437695876286,COD
COD.14.2_1,mixture,2,10,0.2701308543814433,COD
COD.14.3_1,mixture,2,10,0.19616858522938144,COD
COD.14.4_1,mixture,2,12,0.18476622765360826,COD
COD.14.5_1,mixture,2,3,0.18885471500515463,COD
COD.14.6_1,mixture,2,10,0.47949372833505155,COD
COD.14.7_1,mixture,2,12,0.20060312505670103,COD
COD.14.8_1,mixture,2,10,0.31663564273195877,COD
COD.14.9_1,mixture,2,12,0.1880263545420103,COD
COD.15.1_1,mixture,2,3,0.5716865871417526,COD
COD.15.2_1,mixture,2,10,0.5496217088917525,COD
COD.15.3_1,mixture,2,3,0.3248160649226804,COD
COD.15.4_1,mixture,2,3,0.49244698770618556,COD
COD.15.5_1,mixture,2,10,0.2718372455154639,COD
COD.15.6_1,mixture,2,3,0.8515475953608247,COD
COD.15.7_1,mixture,2,3,0.20806850517525774,COD
COD.16.1_1,mixture,2,3,0.6646400883762886,COD
COD.16.10_1,mixture,2,10,0.5360486344845361,COD
COD.16.11_1,mixture,2,10,0.2657610607216495,COD
COD.16.2_1,mixture,2,10,0.26431712945360825,COD
COD.16.3_1,mixture,2,10,0.6538684846134021,COD
COD.16.4_1,mixture,2,12,0.18571322407216495,COD
COD.16.5_1,mixture,2,10,0.19073280050257732,COD
COD.16.6_1,mixture,2,10,0.6446087958505154,COD
COD.16.7_1,mixture,2,3,0.5817926062113402,COD
COD.16.8_1,mixture,2,3,0.24312772690721648,COD
COD.16.9_1,mixture,2,10,0.2389145401030928,COD
COD.17.1_1,mixture,2,10,0.9399000721649484,COD
COD.17.10_1,mixture,2,10,0.3514363870760567,COD
COD.17.11_1,mixture,2,10,0.9391141275257732,COD
COD.17.12_1,mixture,2,10,1.0302811391752578,COD
COD.17.13_1,mixture,2,10,0.40261640984536085,COD
COD.17.2_1,mixture,2,10,0.919784574742268,COD
COD.17.3_1,mixture,2,10,0.441036326242268,COD
COD.17.4_1,mixture,2,10,1.0854651675257732,COD
COD.17.5_1,mixture,2,10,0.35945667128865977,COD
COD.17.6_1,mixture,2,10,0.45217210533505153,COD
COD.17.7_1,mixture,2,10,0.7731375534278351,COD
COD.17.8_1,mixture,2,10,0.5927546773969072,COD
COD.17.9_1,mixture,2,10,0.2691417044587629,COD
COD.18.1_1,mixture,2,3,0.36483702791237116,COD
COD.18.2_1,mixture,2,3,0.3706755067268041,COD
COD.18.3_1,mixture,2,10,0.227280133378866,COD
COD.18.4_1,mixture,2,3,0.24758221657216495,COD
COD.18.5_1,mixture,2,3,0.19282047532731958,COD
COD.19.1_1,mixture,2,10,0.28579502048969074,COD
COD.19.10_1,mixture,2,3,0.2053846284768041,COD
COD.19.11_1,mixture,2,10,0.19330657411082475,COD
COD.19.2_1,mixture,2,10,0.34787086384020616,COD
COD.19.3_1,mixture,2,10,0.4364636662371134,COD
COD.19.4_1,mixture,2,3,0.8020972010309279,COD
COD.19.5_1,mixture,2,10,0.49056097860824743,COD
COD.19.6_1,mixture,2,10,0.7645547484278351,COD
COD.19.7_1,mixture,2,3,0.33528143775773195,COD
COD.19.8_1,mixture,2,1,0.18708755525773196,COD
COD.19.9_1,mixture,2,1,0.1801750930412371,COD
COD.2.1_1,mixture,2,10,0.33530040698453606,COD
COD.2.2_1,mixture,2,10,0.19774684587886598,COD
COD.2.3_1,mixture,2,3,0.3597178949741237,COD
COD.2.4_1,mixture,2,1,0.18274669798195875,COD
COD.2.5_1,mixture,2,3,0.3396615216082474,COD
COD.2.6_1,mixture,2,10,0.614563150257732,COD
COD.2.7_1,mixture,2,10,0.3138979246693299,COD
COD.2.8_1,mixture,2,3,0.4255033574226804,COD
COD.2.9_1,mixture,2,1,0.18530360335051546,COD
COD.20.1_1,mixture,2,10,0.3983944926417526,COD
COD.20.2_1,mixture,2,10,0.2549155829536082,COD
COD.20.3_1,mixture,2,10,0.20620574724226803,COD
COD.20.4_1,mixture,2,10,0.33782241713917527,COD
COD.20.5_1,mixture,2,10,0.24734076015463918,COD
COD.20.6_1,mixture,2,10,0.1662043450773196,COD
COD.21.1_1,mixture,2,10,0.2641158626185567,COD
COD.21.10_1,mixture,2,10,0.22289007417525775,COD
COD.21.2_1,mixture,2,10,0.5996881908762887,COD
COD.21.3_1,mixture,2,10,0.5056282404896907,COD
COD.21.4_1,mixture,2,3,0.5357232259020619,COD
COD.21.5_1,mixture,2,1,0.18979066778350515,COD
COD.21.6_1,mixture,2,3,0.7341178984536082,COD
COD.21.7_1,mixture,2,10,0.24587025793814432,COD
COD.21.8_1,mixture,2,10,0.9340278420618556,COD
COD.21.9_1,mixture,2,12,0.18236430360824743,COD
COD.22.1_1,mixture,2,10,0.40375724104381444,COD
COD.22.10_1,mixture,2,10,0.40858332401804126,COD
COD.22.11_1,mixture,2,1,0.18621514458762886,COD
COD.22.12_1,mixture,2,10,0.9749822889175258,COD
COD.22.13_1,mixture,2,3,0.3876819733762887,COD
COD.22.2_1,mixture,2,3,0.2746736737628866,COD
COD.22.3_1,mixture,2,10,0.7047342139175258,COD
COD.22.4_1,mixture,2,10,0.37211430660567013,COD
COD.22.5_1,mixture,2,10,0.517443619072165,COD
COD.22.6_1,mixture,2,10,0.8145718891752577,COD
COD.22.7_1,mixture,2,10,0.44073984987628867,COD
COD.22.8_1,mixture,2,10,0.6937463863402061,COD
COD.22.9_1,mixture,2,10,0.7433461762113402,COD
COD.23.1_1,mixture,2,10,0.36588329590206187,COD
COD.23.2_1,mixture,2,10,0.33872936090206185,COD
COD.23.3_1,mixture,2,10,0.3476310964819588,COD
COD.23.4_1,mixture,2,1,0.17273030484536084,COD
COD.23.5_1,mixture,2,10,0.2972731918556701,COD
COD.23.6_1,mixture,2,3,0.36273871337628866,COD
COD.24.1_1,mixture,2,10,0.6860663182474227,COD
COD.24.10_1,mixture,2,10,0.8444892216494846,COD
COD.24.2_1,mixture,2,10,0.8183217448453608,COD
COD.24.3_1,mixture,2,10,0.9493768922680412,COD
COD.24.4_1,mixture,2,10,0.3679187429381443,COD
COD.24.5_1,mixture,2,10,1.298542456185567,COD
COD.24.6_1,mixture,2,10,0.24718940829896907,COD
COD.24.7_1,mixture,2,10,0.8313008711340206,COD
COD.24.8_1,mixture,2,12,0.20022909316159793,COD
COD.24.9_1,mixture,2,3,0.3960153400773196,COD
COD.25.1_1,mixture,2,3,0.31078672397938145,COD
COD.25.10_1,mixture,2,1,0.1786715737113402,COD
COD.25.11_1,mixture,2,1,0.18933745014948453,COD
COD.25.2_1,mixture,2,3,0.7060151628865979,COD
COD.25.3_1,mixture,2,3,0.496974868306701,COD
COD.25.4_1,mixture,2,10,0.2520955894845361,COD
COD.25.5_1,mixture,2,3,0.4666515483273196,COD
COD.25.6_1,mixture,2,10,0.29924144252577317,COD
COD.25.7_1,mixture,2,10,0.4126083617525773,COD
COD.25.8_1,mixture,2,3,0.3448441671030928,COD
COD.25.9_1,mixture,2,3,0.5254330363659794,COD
COD.26.1_1,mixture,2,1,0.18293183283505154,COD
COD.26.2_1,mixture,2,10,0.25845704796391755,COD
COD.26.3_1,mixture,2,10,0.336463892435567,COD
COD.26.4_1,mixture,2,1,0.1756885786082474,COD
COD.26.5_1,mixture,2,3,0.24612186070876288,COD
COD.26.6_1,mixture,2,3,0.45493293920103095,COD
COD.26.7_1,mixture,2,1,0.17741254015463917,COD
COD.3.1_1,mixture,2,3,0.819289912371134,COD
COD.3.2_1,mixture,2,3,0.743599043814433,COD
COD.3.3_1,mixture,2,12,0.1969315530927835,COD
COD.3.4_1,mixture,2,3,0.3073078037113402,COD
COD.3.5_1,mixture,2,3,0.7773642041237113,COD
COD.3.6_1,mixture,2,3,0.20969593049484536,COD
COD.3.7_1,mixture,2,3,0.36458525396907215,COD
COD.3.8_1,mixture,2,3,0.35388906358247424,COD
COD.3.9_1,mixture,2,3,0.5491898639175258,COD
COD.4.1_1,mixture,2,1,0.19235327048969073,COD
COD.4.2_1,mixture,2,10,0.5606305556443298,COD
COD.4.3_1,mixture,2,1,0.18944127551546391,COD
COD.4.4_1,mixture,2,1,0.18448061345360825,COD
COD.4.5_1,mixture,2,3,0.7146669966494845,COD
COD.4.6_1,mixture,2,12,0.18827199749226803,COD
COD.5.1_1,mixture,2,3,0.30687202268041236,COD
COD.5.10_1,mixture,2,3,0.8180781211340207,COD
COD.5.11_1,mixture,2,3,0.30373680716494844,COD
COD.5.2_1,mixture,2,3,0.6238571028350516,COD
COD.5.3_1,mixture,2,3,0.23858813492010308,COD
COD.5.4_1,mixture,2,3,0.5729578779381443,COD
COD.5.5_1,mixture,2,3,0.20107746358247422,COD
COD.5.6_1,mixture,2,10,0.284529268556701,COD
COD.5.7_1,mixture,2,10,0.2768277772757732,COD
COD.5.8_1,mixture,2,3,0.2304587324742268,COD
COD.5.9_1,mixture,2,3,0.21745985487113403,COD
COD.6.1_1,mixture,2,3,0.2281330894072165,COD
COD.6.10_1,mixture,2,3,0.730109870257732,COD
COD.6.11_1,mixture,2,3,0.30134027894329896,COD
COD.6.2_1,mixture,2,3,0.6618874827577319,COD
COD.6.3_1,mixture,2,3,0.4102588285670103,COD
COD.6.4_1,mixture,2,3,0.28837286974226806,COD
COD.6.5_1,mixture,2,3,0.4644463842783505,COD
COD.6.6_1,mixture,2,3,0.41029280474226804,COD
COD.6.7_1,mixture,2,3,0.4393859689948454,COD
COD.6.8_1,mixture,2,3,0.5589602711340206,COD
COD.6.9_1,mixture,2,3,0.3382793189819588,COD
COD.7.1_1,mixture,2,10,0.24291507837628865,COD
COD.7.2_1,mixture,2,12,0.1975183626572165,COD
COD.7.3_1,mixture,2,3,0.6177603340721649,COD
COD.7.4_1,mixture,2,10,0.21355002305927834,COD
COD.7.5_1,mixture,2,12,0.1922214480128866,COD
COD.7.6_1,mixture,2,10,0.2274364046469072,COD
COD.7.7_1,mixture,2,12,0.1852440638402062,COD
COD.8.1_1,mixture,2,10,0.2837671819587629,COD
COD.8.2_1,mixture,2,10,0.2868929944329897,COD
COD.8.3_1,mixture,2,1,0.1896731375773196,COD
COD.8.4_1,mixture,2,10,0.23234122,COD
COD.8.5_1,mixture,2,10,0.2256209379742268,COD
COD.8.6_1,mixture,2,3,0.2078243572371134,COD
COD.8.7_1,mixture,2,1,0.17478134394329897,COD
COD.8.8_1,mixture,2,10,0.5612364872164949,COD
COD.8.9_1,mixture,2,10,0.18936199039536084,COD
COD.9.1_1,mixture,2,10,0.6527445112886598,COD
COD.9.2_1,mixture,2,10,0.6865035894329897,COD
COD.9.3_1,mixture,2,10,0.23010272711340207,COD
COD.9.4_1,mixture,2,10,0.4381377943582474,COD
COD.9.5_1,mixture,2,10,0.29130425242268043,COD
COD.9.6_1,mixture,2,10,0.2413340103298969,COD
COD.9.7_1,mixture,2,12,0.18413936751804125,COD
COD.9.8_1,mixture,2,1,0.18290252170103094,COD
ETH.1.1_1,mixture,2,9,1.6860489805,ETH
ETH.10.1_1,mixture,2,9,0.76789237056,ETH
ETH.10.10_1,mixture,2,10,0.42615786445225,ETH
ETH.10.11_1,mixture,2,9,0.499491470095725,ETH
ETH.10.12_1,mixture,2,9,1.08455570496575,ETH
ETH.10.13_1,mixture,2,9,1.13788668830625,ETH
ETH.10.14_1,mixture,2,9,1.02727542809675,ETH
ETH.10.15_1,mixture,2,9,0.7869050618642675,ETH
ETH.10.16_1,mixture,2,3,0.2477630976185,ETH
ETH.10.17_1,mixture,2,9,0.9231145930485,ETH
ETH.10.18_1,mixture,2,9,0.511560063106,ETH
ETH.10.19_1,mixture,2,9,0.8269866785454075,ETH
ETH.10.2_1,mixture,2,3,0.30991519586795,ETH
ETH.10.20_1,mixture,2,9,0.66295785640775,ETH
ETH.10.21_1,mixture,2,9,1.020086946265,ETH
ETH.10.22_1,mixture,2,9,0.527951651055,ETH
ETH.10.3_1,mixture,2,9,0.59913358839725,ETH
ETH.10.4_1,mixture,2,9,0.8715710962825,ETH
ETH.10.5_1,mixture,2,9,0.8269855353995,ETH
ETH.10.6_1,mixture,2,9,0.71728920265025,ETH
ETH.10.7_1,mixture,2,9,0.588987610474825,ETH
ETH.10.8_1,mixture,2,3,0.2677543155811,ETH
ETH.10.9_1,mixture,2,9,1.130167577245,ETH
ETH.11.1_1,mixture,2,9,1.4004321546935,ETH
ETH.11.2_1,mixture,2,9,1.4313634249935001,ETH
ETH.11.3_1,mixture,2,9,2.45068747,ETH
ETH.11.4_1,mixture,2,9,1.382151283725,ETH
ETH.11.5_1,mixture,2,9,1.5799610758825,ETH
ETH.2.1_1,mixture,2,9,1.60983866625,ETH
ETH.2.2_1,mixture,2,9,1.358153758385,ETH
ETH.2.3_1,mixture,2,9,1.49120581875,ETH
ETH.2.4_1,mixture,2,9,1.8648679137925,ETH
ETH.2.5_1,mixture,2,9,0.81080425203475,ETH
ETH.3.1_1,mixture,2,9,1.4584686417475,ETH
ETH.3.10_1,mixture,2,9,1.28438404497275,ETH
ETH.3.11_1,mixture,2,9,1.3535938248655,ETH
ETH.3.12_1,mixture,2,9,1.5979735810325,ETH
ETH.3.2_1,mixture,2,9,1.2931597936905,ETH
ETH.3.3_1,mixture,2,9,1.174224893454175,ETH
ETH.3.4_1,mixture,2,9,1.326288040416,ETH
ETH.3.5_1,mixture,2,9,1.5744464343625,ETH
ETH.3.6_1,mixture,2,9,1.2549283072625,ETH
ETH.3.7_1,mixture,2,9,1.2257917569475,ETH
ETH.3.8_1,mixture,2,9,1.1897212931427,ETH
ETH.3.9_1,mixture,2,9,1.79748307559,ETH
ETH.4.1_1,mixture,2,9,1.11574620604725,ETH
ETH.4.2_1,mixture,2,9,1.691123362875,ETH
ETH.4.3_1,mixture,2,9,1.27968855580175,ETH
ETH.5.1_1,mixture,2,9,0.984877220595,ETH
ETH.6.1_1,mixture,2,9,1.27218707166175,ETH
ETH.6.2_1,mixture,2,9,0.96930579826375,ETH
ETH.6.3_1,mixture,2,9,1.002184220375075,ETH
ETH.7.1_1,mixture,2,9,1.7686121075,ETH
ETH.8.1_1,mixture,2,9,0.63479753231725,ETH
ETH.8.10_1,mixture,2,10,0.41513461704175,ETH
ETH.8.11_1,mixture,2,9,1.99725993275,ETH
ETH.8.12_1,mixture,2,9,1.09944709668,ETH
ETH.8.13_1,mixture,2,9,1.11278585694175,ETH
ETH.8.14_1,mixture,2,9,1.425978969,ETH
ETH.8.15_1,mixture,2,9,0.950506729438,ETH
ETH.8.16_1,mixture,2,9,1.224206476365,ETH
ETH.8.17_1,mixture,2,9,1.878702404525,ETH
ETH.8.2_1,mixture,2,10,0.26901568984299623,ETH
ETH.8.3_1,mixture,2,10,0.236147823475175,ETH
ETH.8.4_1,mixture,2,9,1.667329446555,ETH
ETH.8.5_1,mixture,2,10,0.241931754616425,ETH
ETH.8.6_1,mixture,2,9,1.14331478313775,ETH
ETH.8.7_1,mixture,2,9,1.32138655067,ETH
ETH.8.8_1,mixture,2,9,0.86869494632105,ETH
ETH.8.9_1,mixture,2,9,1.0598901158935,ETH
ETH.9.1_1,mixture,2,3,0.45631119223125,ETH
ETH.9.2_1,mixture,2,5,0.2325842581825,ETH
ETH.9.3_1,mixture,2,9,0.817583372855,ETH
ETH.9.4_1,mixture,2,3,0.33070557468525,ETH
ETH.9.5_1,mixture,2,3,0.6611943420575,ETH
ETH.9.6_1,mixture,2,10,0.371951898338,ETH
ETH.9.7_1,mixture,2,5,0.22311259586232501,ETH
ETH.9.8_1,mixture,2,5,0.2259469403365,ETH
ETH.9.9_1,mixture,2,9,1.89211821125,ETH
GIN.1_1,mixture,1,10,0.9783715655775,GIN
GIN.2_1,mixture,1,9,2.8925160475,GIN
GIN.3_1,mixture,1,10,1.323560395689,GIN
GIN.4_1,mixture,1,10,1.3848406363775,GIN
GIN.5_1,mixture,1,10,1.08210735216,GIN
GIN.6_1,mixture,1,10,1.29922058464,GIN
GIN.7_1,mixture,1,10,1.30163985065,GIN
GIN.8_1,mixture,1,4,0.64903060340075,GIN
GNB.1_1,base,1,10,1.9009224475,GNB
GNB.2_1,base,1,10,1.9009224475,GNB
GNB.3_1,base,1,10,1.9009224475,GNB
GNB.4_1,base,1,10,1.9009224475,GNB
GNB.5_1,base,1,10,1.9009224475,GNB
GNB.6_1,base,1,10,1.9009224475,GNB
GNB.7_1,base,1,10,1.9009224475,GNB
GNB.8_1,base,1,10,1.9009224475,GNB
GNB.9_1,base,1,10,1.9009224475,GNB
KEN.1_1,offset,1,1,0.49195612421,KEN
KEN.10_1,offset,1,1,0.49195612421,KEN
KEN.11_1,offset,1,1,0.49195612421,KEN
KEN.12_1,offset,1,1,0.49195612421,KEN
KEN.13_1,offset,1,1,0.49195612421,KEN
KEN.14_1,offset,1,1,0.49195612421,KEN
KEN.15_1,offset,1,1,0.49195612421,KEN
KEN.16_1,offset,1,1,0.49195612421,KEN
KEN.17_1,offset,1,1,0.49195612421,KEN
KEN.18_1,offset,1,1,0.49195612421,KEN
KEN.19_1,offset,1,1,0.49195612421,KEN
KEN.2_1,offset,1,1,0.49195612421,KEN
KEN.20_1,offset,1,1,0.49195612421,KEN
KEN.21_1,offset,1,1,0.49195612421,KEN
KEN.22_1,offset,1,1,0.49195612421,KEN
KEN.23_1,offset,1,1,0.49195612421,KEN
KEN.24_1,offset,1,1,0.49195612421,KEN
KEN.25_1,offset,1,1,0.49195612421,KEN
KEN.26_1,offset,1,1,0.49195612421,KEN
KEN.27_1,offset,1,1,0.49195612421,KEN
KEN.28_1,offset,1,1,0.49195612421,KEN
KEN.29_1,offset,1,1,0.49195612421,KEN
KEN.3_1,offset,1,1,0.49195612421,KEN
KEN.30_1,offset,1,1,0.49195612421,KEN
KEN.31_1,offset,1,1,0.49195612421,KEN
KEN.32_1,offset,1,1,0.49195612421,KEN
KEN.33_1,offset,1,1,0.49195612421,KEN
KEN.34_1,offset,1,1,0.49195612421,KEN
KEN.35_1,offset,1,1,0.49195612421,KEN
KEN.36_1,offset,1,1,0.49195612421,KEN
KEN.37_1,offset,1,1,0.49195612421,KEN
KEN.38_1,offset,1,1,0.49195612421,KEN
KEN.39_1,offset,1,1,0.49195612421,KEN
KEN.4_1,offset,1,1,0.49195612421,KEN
KEN.40_1,offset,1,1,0.49195612421,KEN
KEN.41_1,offset,1,1,0.49195612421,KEN
KEN.42_1,offset,1,1,0.49195612421,KEN
KEN.43_1,offset,1,1,0.49195612421,KEN
KEN.44_1,offset,1,1,0.49195612421,KEN
KEN.45_1,offset,1,1,0.49195612421,KEN
KEN.46_1,offset,1,1,0.49195612421,KEN
KEN.47_1,offset,1,1,0.49195612421,KEN
KEN.5_1,offset,1,1,0.49195612421,KEN
KEN.6_1,offset,1,1,0.49195612421,KEN
KEN.7_1,offset,1,1,0.49195612421,KEN
KEN.8_1,offset,1,1,0.49195612421,KEN
KEN.9_1,offset,1,1,0.49195612421,KEN
MLI.1.1_1,base,2,12,1.4455164955,MLI
MLI.2.1_1,base,2,12,1.4455164955,MLI
MLI.2.2_1,base,2,12,1.4455164955,MLI
MLI.2.3_1,base,2,12,1.4455164955,MLI
MLI.2.4_1,base,2,12,1.4455164955,MLI
MLI.3.1_1,base,2,12,1.4455164955,MLI
MLI.3.2_1,base,2,12,1.4455164955,MLI
MLI.3.3_1,base,2,12,1.4455164955,MLI
MLI.3.4_1,base,2,12,1.4455164955,MLI
MLI.3.5_1,base,2,12,1.4455164955,MLI
MLI.3.6_1,base,2,12,1.4455164955,MLI
MLI.3.7_1,base,2,12,1.4455164955,MLI
MLI.4.1_1,base,2,12,1.4455164955,MLI
MLI.4.2_1,base,2,12,1.4455164955,MLI
MLI.4.3_1,base,2,12,1.4455164955,MLI
MLI.4.4_1,base,2,12,1.4455164955,MLI
MLI.5.1_1,base,2,12,1.4455164955,MLI
MLI.5.2_1,base,2,12,1.4455164955,MLI
MLI.5.3_1,base,2,12,1.4455164955,MLI
MLI.5.4_1,base,2,12,1.4455164955,MLI
MLI.5.5_1,base,2,12,1.4455164955,MLI
MLI.5.6_1,base,2,12,1.4455164955,MLI
MLI.5.7_1,base,2,12,1.4455164955,MLI
MLI.6.1_1,base,2,12,1.4455164955,MLI
MLI.6.2_1,base,2,12,1.4455164955,MLI
MLI.6.3_1,base,2,12,1.4455164955,MLI
MLI.6.4_1,base,2,12,1.4455164955,MLI
MLI.6.5_1,base,2,12,1.4455164955,MLI
MLI.6.6_1,base,2,12,1.4455164955,MLI
MLI.6.7_1,base,2,12,1.4455164955,MLI
MLI.6.8_1,base,2,12,1.4455164955,MLI
MLI.7.1_1,base,2,12,1.4455164955,MLI
MLI.7.2_1,base,2,12,1.4455164955,MLI
MLI.7.3_1,base,2,12,1.4455164955,MLI
MLI.7.4_1,base,2,12,1.4455164955,MLI
MLI.7.5_1,base,2,12,1.4455164955,MLI
MLI.7.6_1,base,2,12,1.4455164955,MLI
MLI.7.7_1,base,2,12,1.4455164955,MLI
MLI.8.1_1,base,2,12,1.4455164955,MLI
MLI.8.2_1,base,2,12,1.4455164955,MLI
MLI.8.3_1,base,2,12,1.4455164955,MLI
MLI.8.4_1,base,2,12,1.4455164955,MLI
MLI.8.5_1,base,2,12,1.4455164955,MLI
MLI.8.6_1,base,2,12,1.4455164955,MLI
MLI.8.7_1,base,2,12,1.4455164955,MLI
MLI.9.1_1,base,2,12,1.4455164955,MLI
MLI.9.2_1,base,2,12,1.4455164955,MLI
MLI.9.3_1,base,2,12,1.4455164955,MLI
MLI.9.4_1,base,2,12,1.4455164955,MLI
MLI.9.5_1,base,2,12,1.4455164955,MLI
MOZ.1_1,mixture,1,1,1.40060719113075,MOZ
MOZ.10_1,mixture,1,1,1.06813634284,MOZ
MOZ.11_1,mixture,1,3,0.8675762389875,MOZ
MOZ.2_1,mixture,1,1,1.0669439733235,MOZ
MOZ.3_1,mixture,1,1,1.082207122286425,MOZ
MOZ.4_1,mixture,1,1,1.262456085235,MOZ
MOZ.5_1,mixture,1,1,1.203614126602575,MOZ
MOZ.6_1,mixture,1,1,0.8679191060395,MOZ
MOZ.7_1,mixture,1,1,1.592624869585,MOZ
MOZ.8_1,mixture,1,1,1.261265804799,MOZ
MOZ.9_1,mixture,1,1,1.3114656687185,MOZ
MWI.1_1,offset,1,2,1.0985276875,MWI
MWI.10_1,offset,1,2,1.0985276875,MWI
MWI.11_1,offset,1,2,1.0985276875,MWI
MWI.12_1,offset,1,2,1.0985276875,MWI
MWI.13_1,offset,1,2,1.0985276875,MWI
MWI.14_1,offset,1,2,1.0985276875,MWI
MWI.15_1,offset,1,2,1.0985276875,MWI
MWI.16_1,offset,1,2,1.0985276875,MWI
MWI.17_1,offset,1,2,1.0985276875,MWI
MWI.18_1,offset,1,2,1.0985276875,MWI
MWI.19_1,offset,1,2,1.0985276875,MWI
MWI.2_1,offset,1,2,1.0985276875,MWI
MWI.20_1,offset,1,2,1.0985276875,MWI
MWI.21_1,offset,1,2,1.0985276875,MWI
MWI.22_1,offset,1,2,1.0985276875,MWI
MWI.23_1,offset,1,2,1.0985276875,MWI
MWI.24_1,offset,1,2,1.0985276875,MWI
MWI.25_1,offset,1,2,1.0985276875,MWI
MWI.26_1,offset,1,2,1.0985276875,MWI
MWI.27_1,offset,1,2,1.0985276875,MWI
MWI.28_1,offset,1,2,1.0985276875,MWI
MWI.3_1,offset,1,2,1.0985276875,MWI
MWI.4_1,offset,1,2,1.0985276875,MWI
MWI.5_1,offset,1,2,1.0985276875,MWI
MWI.6_1,offset,1,2,1.0985276875,MWI
MWI.7_1,offset,1,2,1.0985276875,MWI
MWI.8_1,offset,1,2,1.0985276875,MWI
MWI.9_1,offset,1,2,1.0985276875,MWI
NER.1.1_1,mixture,2,9,1.4252598346855,NER
NER.1.2_1,mixture,2,9,1.40773251463725,NER
NER.1.3_1,mixture,2,9,1.408302472208,NER
NER.2.1_1,mixture,2,9,1.18950481509375,NER
NER.2.2_1,mixture,2,9,1.33701484132,NER
NER.2.3_1,mixture,2,9,1.8709457565,NER
NER.3.1_1,mixture,2,8,0.91551301109275,NER
NER.3.2_1,mixture,2,9,1.9075719325975,NER
NER.3.3_1,mixture,2,9,1.66522644223825,NER
NER.3.4_1,mixture,2,9,1.6850552475,NER
NER.3.5_1,mixture,2,9,0.959908945843,NER
NER.4.1_1,mixture,2,9,1.63858405785,NER
NER.4.2_1,mixture,2,9,1.9488243285,NER
NER.4.3_1,mixture,2,9,2.31305607275,NER
NER.4.4_1,mixture,2,9,1.48853381975,NER
NER.4.5_1,mixture,2,8,0.971300882575,NER
NER.4.6_1,mixture,2,9,1.169412125435,NER
NER.5.1_1,mixture,2,9,1.13240698303075,NER
NER.6.1_1,mixture,2,9,2.75119258,NER
NER.6.2_1,mixture,2,9,2.214571094,NER
NER.6.3_1,mixture,2,9,2.2139130965,NER
NER.6.4_1,mixture,2,9,1.478431474225,NER
NER.6.5_1,mixture,2,9,2.228535029,NER
NER.6.6_1,mixture,2,9,1.580504019575,NER
NER.6.7_1,mixture,2,9,1.568293329691,NER
NER.7.1_1,mixture,2,9,2.0971798158,NER
NER.7.2_1,mixture,2,9,1.73519340185,NER
NER.7.3_1,mixture,2,9,1.1355195846725,NER
NER.7.4_1,mixture,2,8,0.92829109061375,NER
NER.7.5_1,mixture,2,9,1.3805695267,NER
NER.7.6_1,mixture,2,9,0.924675161972,NER
NER.8.1_1,mixture,2,9,1.61792335491,NER
NER.8.2_1,mixture,2,9,1.36727771832,NER
NER.8.3_1,mixture,2,9,1.62949134395,NER
NER.8.4_1,mixture,2,9,1.28107862075,NER
NER.8.5_1,mixture,2,8,0.97464444408325,NER
NGA.1.1_1,mixture,2,6,1.38113008425,NGA
NGA.1.10_1,mixture,2,6,0.699615187489825,NGA
NGA.1.11_1,mixture,2,6,0.5918501942935,NGA
NGA.1.12_1,mixture,2,6,0.708421305745,NGA
NGA.1.13_1,mixture,2,6,0.60711157846925,NGA
NGA.1.14_1,mixture,2,7,0.55768699233127506,NGA
NGA.1.15_1,mixture,2,7,0.877366275525,NGA
NGA.1.16_1,mixture,2,6,1.071746668,NGA
NGA.1.17_1,mixture,2,6,0.7539139355875,NGA
NGA.1.2_1,mixture,2,7,0.8157559832,NGA
NGA.1.3_1,mixture,2,6,0.71748695654325,NGA
NGA.1.4_1,mixture,2,6,0.451605760975,NGA
NGA.1.5_1,mixture,2,6,0.651626377981025,NGA
NGA.1.6_1,mixture,2,6,1.2331395151875,NGA
NGA.1.7_1,mixture,2,6,0.63439806244825,NGA
NGA.1.8_1,mixture,2,6,1.01734492871,NGA
NGA.1.9_1,mixture,2,6,0.583998253165,NGA
NGA.10.1_1,mixture,2,6,0.68695378614925,NGA
NGA.10.10_1,mixture,2,6,0.613483897035,NGA
NGA.10.11_1,mixture,2,6,0.697654665832,NGA
NGA.10.12_1,mixture,2,6,0.6884909778715,NGA
NGA.10.13_1,mixture,2,6,0.670755466882,NGA
NGA.10.14_1,mixture,2,6,0.6494748991685,NGA
NGA.10.15_1,mixture,2,6,0.6010596150185,NGA
NGA.10.16_1,mixture,2,6,0.7205415002175,NGA
NGA.10.17_1,mixture,2,7,0.659752947985,NGA
NGA.10.18_1,mixture,2,7,0.7431813715325,NGA
NGA.10.19_1,mixture,2,7,0.54333802843125,NGA
NGA.10.2_1,mixture,2,7,0.6270676457125,NGA
NGA.10.20_1,mixture,2,7,0.6038723283675,NGA
NGA.10.21_1,mixture,2,7,0.59411275995925,NGA
NGA.10.22_1,mixture,2,7,0.5962396208275,NGA
NGA.10.23_1,mixture,2,6,0.93469843274,NGA
NGA.10.24_1,mixture,2,7,0.570557580426,NGA
NGA.10.25_1,mixture,2,7,0.736398785395,NGA
NGA.10.3_1,mixture,2,7,0.6100834482945,NGA
NGA.10.4_1,mixture,2,7,0.5907776440225,NGA
NGA.10.5_1,mixture,2,7,0.684157502045,NGA
NGA.10.6_1,mixture,2,7,0.5559957537725,NGA
NGA.10.7_1,mixture,2,7,0.61596880091125,NGA
NGA.10.8_1,mixture,2,7,0.5942478726475,NGA
NGA.10.9_1,mixture,2,7,0.62153766652475,NGA
NGA.11.1_1,mixture,2,6,1.0142371356825,NGA
NGA.11.10_1,mixture,2,7,0.4179860629765,NGA
NGA.11.11_1,mixture,2,7,0.610790853827,NGA
NGA.11.12_1,mixture,2,1,0.6592965224198,NGA
NGA.11.13_1,mixture,2,7,0.6671917209525,NGA
NGA.11.2_1,mixture,2,7,0.8524144719525,NGA
NGA.11.3_1,mixture,2,6,0.543569129098,NGA
NGA.11.4_1,mixture,2,1,0.8714346791415,NGA
NGA.11.5_1,mixture,2,6,1.0528060281175,NGA
NGA.11.6_1,mixture,2,6,1.0017767993525,NGA
NGA.11.7_1,mixture,2,6,0.97117153962325,NGA
NGA.11.8_1,mixture,2,6,0.8901262083975,NGA
NGA.11.9_1,mixture,2,6,0.84512882826155,NGA
NGA.12.1_1,mixture,2,6,0.63311769872,NGA
NGA.12.10_1,mixture,2,6,0.626121179405,NGA
NGA.12.11_1,mixture,2,6,0.642902482456025,NGA
NGA.12.12_1,mixture,2,1,0.630512807067375,NGA
NGA.12.13_1,mixture,2,6,0.6428317984415,NGA
NGA.12.14_1,mixture,2,6,0.5568538549575,NGA
NGA.12.15_1,mixture,2,6,0.6399156497175,NGA
NGA.12.16_1,mixture,2,6,0.619191368604,NGA
NGA.12.17_1,mixture,2,7,0.44679875061,NGA
NGA.12.18_1,mixture,2,7,0.5626340837885,NGA
NGA.12.2_1,mixture,2,6,0.717856966909025,NGA
NGA.12.3_1,mixture,2,7,0.5727408691405,NGA
NGA.12.4_1,mixture,2,7,0.59471272310675,NGA
NGA.12.5_1,mixture,2,7,0.599461133812,NGA
NGA.12.6_1,mixture,2,7,0.6145085783805,NGA
NGA.12.7_1,mixture,2,7,0.617723114965,NGA
NGA.12.8_1,mixture,2,7,0.60195211582275,NGA
NGA.12.9_1,mixture,2,7,0.66035822404375,NGA
NGA.13.1_1,mixture,2,7,0.89877375525,NGA
NGA.13.10_1,mixture,2,7,0.63783148934,NGA
NGA.13.11_1,mixture,2,7,0.71313018169,NGA
NGA.13.12_1,mixture,2,7,0.66738641936575,NGA
NGA.13.13_1,mixture,2,7,0.61794709320825,NGA
NGA.13.14_1,mixture,2,7,0.57670142868175,NGA
NGA.13.15_1,mixture,2,7,0.6844636016275,NGA
NGA.13.16_1,mixture,2,7,0.6645290374755,NGA
NGA.13.2_1,mixture,2,7,0.6406657559655,NGA
NGA.13.3_1,mixture,2,7,1.0293947575,NGA
NGA.13.4_1,mixture,2,7,0.60341811034,NGA
NGA.13.5_1,mixture,2,6,1.11436625741,NGA
NGA.13.6_1,mixture,2,7,0.66245171649,NGA
NGA.13.7_1,mixture,2,7,0.607732860726,NGA
NGA.13.8_1,mixture,2,7,0.57958296619875,NGA
NGA.13.9_1,mixture,2,7,0.599340150995,NGA
NGA.14.1_1,mixture,2,7,0.543354009925,NGA
NGA.14.10_1,mixture,2,6,0.6483606401423,NGA
NGA.14.11_1,mixture,2,6,0.6317320526005,NGA
NGA.14.12_1,mixture,2,6,0.6373593256365,NGA
NGA.14.13_1,mixture,2,7,0.54616588817975,NGA
NGA.14.14_1,mixture,2,7,0.5682231436975,NGA
NGA.14.15_1,mixture,2,7,0.647861844551,NGA
NGA.14.16_1,mixture,2,7,0.62197700269025,NGA
NGA.14.17_1,mixture,2,7,0.582907956325,NGA
NGA.14.2_1,mixture,2,6,0.80749413841475,NGA
NGA.14.3_1,mixture,2,6,0.528707939765,NGA
NGA.14.4_1,mixture,2,1,0.5872846542348,NGA
NGA.14.5_1,mixture,2,7,0.5176215588275,NGA
NGA.14.6_1,mixture,2,7,0.76047077822325,NGA
NGA.14.7_1,mixture,2,7,0.625037893611,NGA
NGA.14.8_1,mixture,2,7,0.701619024135,NGA
NGA.14.9_1,mixture,2,7,0.63062339053025,NGA
NGA.15.1_1,mixture,2,7,0.840949743955,NGA
NGA.15.2_1,mixture,2,6,1.285274374,NGA
NGA.15.3_1,mixture,2,7,0.92555982034,NGA
NGA.15.4_1,mixture,2,9,1.29861748206375,NGA
NGA.15.5_1,mixture,2,9,1.10242285916225,NGA
NGA.15.6_1,mixture,2,9,1.535751771745,NGA
NGA.16.1_1,mixture,2,9,1.32934410704125,NGA
NGA.16.10_1,mixture,2,9,1.18868224240325,NGA
NGA.16.11_1,mixture,2,9,1.865954471025,NGA
NGA.16.2_1,mixture,2,6,1.130808045825,NGA
NGA.16.3_1,mixture,2,7,0.833306192475,NGA
NGA.16.4_1,mixture,2,9,1.40139283664,NGA
NGA.16.5_1,mixture,2,9,0.9936996368525,NGA
NGA.16.6_1,mixture,2,9,2.00886616925,NGA
NGA.16.7_1,mixture,2,9,1.38390088575725,NGA
NGA.16.8_1,mixture,2,9,1.0244648539716,NGA
NGA.16.9_1,mixture,2,9,1.077345787975,NGA
NGA.17.1_1,mixture,2,7,0.61469579009225,NGA
NGA.17.10_1,mixture,2,7,0.95876771465,NGA
NGA.17.11_1,mixture,2,7,0.61003407462,NGA
NGA.17.12_1,mixture,2,7,0.592921184034,NGA
NGA.17.13_1,mixture,2,7,0.64610290139875,NGA
NGA.17.14_1,mixture,2,7,0.6576735542315,NGA
NGA.17.15_1,mixture,2,7,0.63715823203425,NGA
NGA.17.16_1,mixture,2,7,0.63199594232525,NGA
NGA.17.17_1,mixture,2,7,0.64105428445,NGA
NGA.17.18_1,mixture,2,7,0.6648283126875,NGA
NGA.17.19_1,mixture,2,7,0.776822588419,NGA
NGA.17.2_1,mixture,2,7,0.55610535933715,NGA
NGA.17.20_1,mixture,2,7,0.61362101308250006,NGA
NGA.17.21_1,mixture,2,7,0.59059455057125,NGA
NGA.17.22_1,mixture,2,7,0.6602601119145,NGA
NGA.17.23_1,mixture,2,7,0.62548342000225,NGA
NGA.17.24_1,mixture,2,7,0.60995889808375,NGA
NGA.17.25_1,mixture,2,7,0.596300547092,NGA
NGA.17.26_1,mixture,2,7,0.54321301127475,NGA
NGA.17.27_1,mixture,2,7,0.6593117021175,NGA
NGA.17.3_1,mixture,2,7,0.6320809852,NGA
NGA.17.4_1,mixture,2,7,0.5887905219125,NGA
NGA.17.5_1,mixture,2,7,0.559224477305,NGA
NGA.17.6_1,mixture,2,7,0.66502685728525,NGA
NGA.17.7_1,mixture,2,7,0.61460839371,NGA
NGA.17.8_1,mixture,2,7,0.65157295852705,NGA
NGA.17.9_1,mixture,2,7,0.6835624444675,NGA
NGA.18.1_1,mixture,2,9,1.15381475332,NGA
NGA.18.10_1,mixture,2,9,1.2970591136025,NGA
NGA.18.11_1,mixture,2,9,1.35385681146,NGA
NGA.18.12_1,mixture,2,9,1.00130263603525,NGA
NGA.18.13_1,mixture,2,7,0.4657353050994,NGA
NGA.18.14_1,mixture,2,9,1.131558482945,NGA
NGA.18.15_1,mixture,2,9,0.8921615989655,NGA
NGA.18.16_1,mixture,2,9,0.80879363284175,NGA
NGA.18.17_1,mixture,2,9,1.118505574894,NGA
NGA.18.18_1,mixture,2,9,1.16631360860075,NGA
NGA.18.19_1,mixture,2,9,0.94332107226175,NGA
NGA.18.2_1,mixture,2,9,1.00013035967,NGA
NGA.18.20_1,mixture,2,9,1.219003464693725,NGA
NGA.18.21_1,mixture,2,7,0.72588449991825,NGA
NGA.18.22_1,mixture,2,9,1.1788847724875,NGA
NGA.18.23_1,mixture,2,7,0.711701949326,NGA
NGA.18.24_1,mixture,2,9,0.89294098555775,NGA
NGA.18.25_1,mixture,2,7,0.7909894485175,NGA
NGA.18.26_1,mixture,2,9,1.534755353925,NGA
NGA.18.27_1,mixture,2,7,0.65926234932045,NGA
NGA.18.3_1,mixture,2,9,0.824535430077,NGA
NGA.18.4_1,mixture,2,9,1.2187144737355,NGA
NGA.18.5_1,mixture,2,9,0.93256152740225,NGA
NGA.18.6_1,mixture,2,9,1.5840895290325,NGA
NGA.18.7_1,mixture,2,9,0.7025176481065,NGA
NGA.18.8_1,mixture,2,9,1.0945666343775,NGA
NGA.18.9_1,mixture,2,7,0.73473254808475,NGA
NGA.19.1_1,mixture,2,9,1.2977447581575,NGA
NGA.19.10_1,mixture,2,9,1.244960433575,NGA
NGA.19.11_1,mixture,2,7,0.992254045225,NGA
NGA.19.12_1,mixture,2,7,0.7434120657125,NGA
NGA.19.13_1,mixture,2,7,0.63001651987625,NGA
NGA.19.14_1,mixture,2,7,0.7217123760525,NGA
NGA.19.15_1,mixture,2,9,1.4020309444525,NGA
NGA.19.16_1,mixture,2,9,1.30774743356825,NGA
NGA.19.17_1,mixture,2,9,1.45732432486,NGA
NGA.19.18_1,mixture,2,9,1.41733951521,NGA
NGA.19.19_1,mixture,2,7,0.66164961268725,NGA
NGA.19.2_1,mixture,2,7,0.979659032675,NGA
NGA.19.20_1,mixture,2,7,0.7683431438,NGA
NGA.19.21_1,mixture,2,6,1.14881020425,NGA
NGA.19.22_1,mixture,2,7,1.135868724,NGA
NGA.19.23_1,mixture,2,9,1.4105189351225,NGA
NGA.19.3_1,mixture,2,9,1.50988013223,NGA
NGA.19.4_1,mixture,2,7,1.152231252,NGA
NGA.19.5_1,mixture,2,7,1.1902777455,NGA
NGA.19.6_1,mixture,2,7,0.6555826170045,NGA
NGA.19.7_1,mixture,2,7,0.8085249160675,NGA
NGA.19.8_1,mixture,2,7,0.8230997821,NGA
NGA.19.9_1,mixture,2,6,1.1108901315,NGA
NGA.2.1_1,mixture,2,7,0.88860132875,NGA
NGA.2.10_1,mixture,2,9,1.5753329487575,NGA
NGA.2.11_1,mixture,2,6,1.22311979475,NGA
NGA.2.12_1,mixture,2,7,0.7457283941,NGA
NGA.2.13_1,mixture,2,7,0.8978938,NGA
NGA.2.14_1,mixture,2,6,1.33886841575,NGA
NGA.2.15_1,mixture,2,6,1.3822532845,NGA
NGA.2.16_1,mixture,2,7,0.64808767730825,NGA
NGA.2.17_1,mixture,2,9,0.767406428883,NGA
NGA.2.18_1,mixture,2,7,0.6065360584315,NGA
NGA.2.19_1,mixture,2,7,0.7578270715095,NGA
NGA.2.2_1,mixture,2,7,1.21181424455,NGA
NGA.2.20_1,mixture,2,9,1.31391480738875,NGA
NGA.2.21_1,mixture,2,7,0.7254494855515,NGA
NGA.2.3_1,mixture,2,9,1.344202291935,NGA
NGA.2.4_1,mixture,2,9,1.3118506850725,NGA
NGA.2.5_1,mixture,2,7,0.909633614675,NGA
NGA.2.6_1,mixture,2,9,1.06765863068425,NGA
NGA.2.7_1,mixture,2,6,1.008124834725,NGA
NGA.2.8_1,mixture,2,7,0.7243793263675,NGA
NGA.2.9_1,mixture,2,7,0.7770206893575,NGA
NGA.20.1_1,mixture,2,9,1.06809930846075,NGA
NGA.20.10_1,mixture,2,1,0.438979230095725,NGA
NGA.20.11_1,mixture,2,9,1.159981276955,NGA
NGA.20.12_1,mixture,2,7,0.45460995601800003,NGA
NGA.20.13_1,mixture,2,7,0.846920219825,NGA
NGA.20.14_1,mixture,2,7,0.992430960875,NGA
NGA.20.15_1,mixture,2,7,0.92681878475,NGA
NGA.20.16_1,mixture,2,7,0.78986494725,NGA
NGA.20.17_1,mixture,2,1,0.74918940932275,NGA
NGA.20.18_1,mixture,2,7,0.908268816025,NGA
NGA.20.19_1,mixture,2,9,1.1484127252225,NGA
NGA.20.2_1,mixture,2,7,0.810597866225,NGA
NGA.20.20_1,mixture,2,7,0.9888600471,NGA
NGA.20.21_1,mixture,2,7,0.96817413955,NGA
NGA.20.22_1,mixture,2,9,1.350349180679025,NGA
NGA.20.23_1,mixture,2,9,0.87890009707025,NGA
NGA.20.24_1,mixture,2,6,1.093160911725,NGA
NGA.20.25_1,mixture,2,7,0.73186044217,NGA
NGA.20.26_1,mixture,2,9,1.11273790036575,NGA
NGA.20.27_1,mixture,2,7,0.766799877065,NGA
NGA.20.28_1,mixture,2,7,0.9142510703,NGA
NGA.20.29_1,mixture,2,7,0.7645224577925,NGA
NGA.20.3_1,mixture,2,9,1.33511610550175,NGA
NGA.20.30_1,mixture,2,7,0.515852169322225,NGA
NGA.20.31_1,mixture,2,9,0.51817152093,NGA
NGA.20.32_1,mixture,2,9,1.0866085895025,NGA
NGA.20.33_1,mixture,2,9,1.4959270239649,NGA
NGA.20.34_1,mixture,2,9,1.295335810062,NGA
NGA.20.35_1,mixture,2,7,0.78890522715,NGA
NGA.20.36_1,mixture,2,9,1.26609635638975,NGA
NGA.20.37_1,mixture,2,7,0.8985661947655,NGA
NGA.20.38_1,mixture,2,1,0.5045034518175,NGA
NGA.20.39_1,mixture,2,1,0.48731359443350003,NGA
NGA.20.4_1,mixture,2,9,1.52531638501325,NGA
NGA.20.40_1,mixture,2,9,0.81688363437975,NGA
NGA.20.41_1,mixture,2,9,1.2793830819915,NGA
NGA.20.42_1,mixture,2,7,0.559358504809,NGA
NGA.20.43_1,mixture,2,9,0.81022622717325,NGA
NGA.20.44_1,mixture,2,9,1.362598815785,NGA
NGA.20.5_1,mixture,2,7,0.98349997,NGA
NGA.20.6_1,mixture,2,9,1.1629798439175,NGA
NGA.20.7_1,mixture,2,9,0.562727924195,NGA
NGA.20.8_1,mixture,2,9,1.34201170217,NGA
NGA.20.9_1,mixture,2,7,0.71007862295625,NGA
NGA.21.1_1,mixture,2,9,0.66403157613675,NGA
NGA.21.10_1,mixture,2,9,0.8171724112505,NGA
NGA.21.11_1,mixture,2,9,0.97616201333075,NGA
NGA.21.12_1,mixture,2,9,0.889902242778425,NGA
NGA.21.13_1,mixture,2,9,1.4685273514725,NGA
NGA.21.14_1,mixture,2,9,1.7108996662425,NGA
NGA.21.15_1,mixture,2,9,2.2113540156,NGA
NGA.21.16_1,mixture,2,9,1.5593420689975,NGA
NGA.21.17_1,mixture,2,9,1.384352888595,NGA
NGA.21.18_1,mixture,2,9,1.4891337276025,NGA
NGA.21.19_1,mixture,2,9,1.42061826358,NGA
NGA.21.2_1,mixture,2,9,1.3467209127446,NGA
NGA.21.20_1,mixture,2,9,2.462466846225,NGA
NGA.21.21_1,mixture,2,9,1.979810182,NGA
NGA.21.22_1,mixture,2,9,2.1733418645,NGA
NGA.21.23_1,mixture,2,9,1.009395535475,NGA
NGA.21.24_1,mixture,2,9,1.493579113055,NGA
NGA.21.25_1,mixture,2,9,0.79712503188265,NGA
NGA.21.26_1,mixture,2,9,1.522294714915,NGA
NGA.21.27_1,mixture,2,9,1.169476091413,NGA
NGA.21.28_1,mixture,2,9,1.667776136075,NGA
NGA.21.29_1,mixture,2,9,1.759107623125,NGA
NGA.21.3_1,mixture,2,9,1.882689501475,NGA
NGA.21.30_1,mixture,2,9,1.793383715775,NGA
NGA.21.31_1,mixture,2,9,1.74989521706,NGA
NGA.21.32_1,mixture,2,9,2.133066328525,NGA
NGA.21.33_1,mixture,2,9,1.8099342905825,NGA
NGA.21.34_1,mixture,2,9,1.94198544205,NGA
NGA.21.4_1,mixture,2,9,1.62482706596,NGA
NGA.21.5_1,mixture,2,9,2.106754484175,NGA
NGA.21.6_1,mixture,2,9,1.717471231274,NGA
NGA.21.7_1,mixture,2,9,2.137037444,NGA
NGA.21.8_1,mixture,2,9,1.6229155915175,NGA
NGA.21.9_1,mixture,2,9,2.10491853355,NGA
NGA.22.1_1,mixture,2,9,1.4242981242675,NGA
NGA.22.10_1,mixture,2,9,1.95101697535,NGA
NGA.22.11_1,mixture,2,9,2.0909135227,NGA
NGA.22.12_1,mixture,2,9,2.3053309155,NGA
NGA.22.13_1,mixture,2,9,1.61406386767,NGA
NGA.22.14_1,mixture,2,9,2.04512293,NGA
NGA.22.15_1,mixture,2,9,2.34952211375,NGA
NGA.22.16_1,mixture,2,9,1.542584277875,NGA
NGA.22.17_1,mixture,2,9,2.110626382,NGA
NGA.22.18_1,mixture,2,9,2.30805832275,NGA
NGA.22.19_1,mixture,2,9,1.7280143627425,NGA
NGA.22.2_1,mixture,2,9,2.09459887041075,NGA
NGA.22.20_1,mixture,2,9,2.307636431375,NGA
NGA.22.21_1,mixture,2,9,1.906543865475,NGA
NGA.22.3_1,mixture,2,9,1.4384596679905,NGA
NGA.22.4_1,mixture,2,9,1.13558148251,NGA
NGA.22.5_1,mixture,2,7,0.6761281953725,NGA
NGA.22.6_1,mixture,2,9,1.48037081989975,NGA
NGA.22.7_1,mixture,2,7,0.8093267906875,NGA
NGA.22.8_1,mixture,2,7,0.554276113955,NGA
NGA.22.9_1,mixture,2,7,0.5938264727966,NGA
NGA.23.1_1,mixture,2,7,0.585528715782,NGA
NGA.23.10_1,mixture,2,7,0.71736198653,NGA
NGA.23.11_1,mixture,2,7,0.5390198801665,NGA
NGA.23.12_1,mixture,2,6,0.806115525925,NGA
NGA.23.13_1,mixture,2,7,0.57250048774775,NGA
NGA.23.14_1,mixture,2,7,0.6739626233775,NGA
NGA.23.15_1,mixture,2,7,0.670131799075,NGA
NGA.23.16_1,mixture,2,7,0.68690920580625,NGA
NGA.23.17_1,mixture,2,7,0.64156746523975,NGA
NGA.23.18_1,mixture,2,7,0.676591565725,NGA
NGA.23.19_1,mixture,2,7,0.61730920578125,NGA
NGA.23.2_1,mixture,2,7,0.552873892525,NGA
NGA.23.20_1,mixture,2,7,0.588465847457125,NGA
NGA.23.21_1,mixture,2,6,1.0682338013075,NGA
NGA.23.3_1,mixture,2,7,0.816614343555,NGA
NGA.23.4_1,mixture,2,9,1.2959732939325,NGA
NGA.23.5_1,mixture,2,7,0.69461389197,NGA
NGA.23.6_1,mixture,2,7,0.65871333840325,NGA
NGA.23.7_1,mixture,2,9,0.806955800832625,NGA
NGA.23.8_1,mixture,2,7,0.70100106882175,NGA
NGA.23.9_1,mixture,2,7,0.65830954633,NGA
NGA.24.1_1,mixture,2,6,0.8534914902375,NGA
NGA.24.10_1,mixture,2,7,0.706778132025,NGA
NGA.24.11_1,mixture,2,7,0.664051789815,NGA
NGA.24.12_1,mixture,2,6,1.0316072124875,NGA
NGA.24.13_1,mixture,2,7,0.6760166847275,NGA
NGA.24.14_1,mixture,2,9,1.048024458922,NGA
NGA.24.15_1,mixture,2,7,0.71071688617,NGA
NGA.24.16_1,mixture,2,7,0.6429426111289,NGA
NGA.24.2_1,mixture,2,7,0.6313078115025,NGA
NGA.24.3_1,mixture,2,7,0.7663324011375,NGA
NGA.24.4_1,mixture,2,7,0.662164421655,NGA
NGA.24.5_1,mixture,2,9,1.76190547415025,NGA
NGA.24.6_1,mixture,2,9,1.47013475700075,NGA
NGA.24.7_1,mixture,2,6,1.3177205585,NGA
NGA.24.8_1,mixture,2,6,1.28197739695,NGA
NGA.24.9_1,mixture,2,9,1.5483111345425,NGA
NGA.25.1_1,mixture,2,9,1.49217050207,NGA
NGA.25.10_1,mixture,2,9,1.6332308045,NGA
NGA.25.11_1,mixture,2,9,1.5299496151075,NGA
NGA.25.12_1,mixture,2,9,1.24008455447025,NGA
NGA.25.13_1,mixture,2,9,0.887158757465155,NGA
NGA.25.14_1,mixture,2,9,1.9278797744,NGA
NGA.25.15_1,mixture,2,9,2.095820028,NGA
NGA.25.16_1,mixture,2,9,1.40377341327875,NGA
NGA.25.17_1,mixture,2,9,1.638468064095,NGA
NGA.25.18_1,mixture,2,9,1.810081573,NGA
NGA.25.19_1,mixture,2,9,2.14714910135,NGA
NGA.25.2_1,mixture,2,9,1.391872678012,NGA
NGA.25.20_1,mixture,2,9,1.244375822687,NGA
NGA.25.3_1,mixture,2,9,1.667063995475,NGA
NGA.25.4_1,mixture,2,9,1.8508855098,NGA
NGA.25.5_1,mixture,2,9,1.45426690844475,NGA
NGA.25.6_1,mixture,2,9,1.69348379983,NGA
NGA.25.7_1,mixture,2,7,0.711637994445,NGA
NGA.25.8_1,mixture,2,9,0.9926191822628,NGA
NGA.25.9_1,mixture,2,7,0.633642886415025,NGA
NGA.26.1_1,mixture,2,7,0.67160907976,NGA
NGA.26.10_1,mixture,2,7,0.692500371815,NGA
NGA.26.11_1,mixture,2,9,1.27372927398,NGA
NGA.26.12_1,mixture,2,7,0.67569360661425,NGA
NGA.26.13_1,mixture,2,9,1.2339023177555,NGA
NGA.26.2_1,mixture,2,7,0.796732912755,NGA
NGA.26.3_1,mixture,2,9,1.13723695757175,NGA
NGA.26.4_1,mixture,2,9,0.92242865987675,NGA
NGA.26.5_1,mixture,2,7,0.69374189163225,NGA
NGA.26.6_1,mixture,2,7,0.8934948697925,NGA
NGA.26.7_1,mixture,2,9,1.462770963575,NGA
NGA.26.8_1,mixture,2,9,0.976504319534,NGA
NGA.26.9_1,mixture,2,7,0.65125756876375,NGA
NGA.27.1_1,mixture,2,9,1.54304661627,NGA
NGA.27.10_1,mixture,2,7,0.812902867975,NGA
NGA.27.11_1,mixture,2,9,1.3756106414075,NGA
NGA.27.12_1,mixture,2,9,1.367525407685,NGA
NGA.27.13_1,mixture,2,9,1.621306116475,NGA
NGA.27.14_1,mixture,2,9,1.5402320988175,NGA
NGA.27.15_1,mixture,2,9,1.2401531660775,NGA
NGA.27.16_1,mixture,2,9,1.4450776513575,NGA
NGA.27.17_1,mixture,2,7,0.66477865907775,NGA
NGA.27.18_1,mixture,2,9,0.98886170824875,NGA
NGA.27.19_1,mixture,2,9,0.93594513470465,NGA
NGA.27.2_1,mixture,2,9,1.735704635575,NGA
NGA.27.20_1,mixture,2,9,0.75321085055775,NGA
NGA.27.21_1,mixture,2,7,0.78261220045,NGA
NGA.27.22_1,mixture,2,7,0.7439818700715,NGA
NGA.27.23_1,mixture,2,7,0.5965099134565,NGA
NGA.27.24_1,mixture,2,7,0.6765167142787,NGA
NGA.27.25_1,mixture,2,9,1.11782349294425,NGA
NGA.27.3_1,mixture,2,9,1.4375351693125,NGA
NGA.27.4_1,mixture,2,9,0.724584853899,NGA
NGA.27.5_1,mixture,2,9,1.6261168625475,NGA
NGA.27.6_1,mixture,2,7,0.51892198222735,NGA
NGA.27.7_1,mixture,2,7,0.7481645070925,NGA
NGA.27.8_1,mixture,2,9,1.6403082751575,NGA
NGA.27.9_1,mixture,2,9,1.2728973564484,NGA
NGA.28.1_1,mixture,2,9,0.859885731336,NGA
NGA.28.10_1,mixture,2,9,0.920881116159075,NGA
NGA.28.11_1,mixture,2,9,1.14050574049925,NGA
NGA.28.12_1,mixture,2,9,1.0323680497125,NGA
NGA.28.13_1,mixture,2,9,0.93101728790375,NGA
NGA.28.14_1,mixture,2,9,0.928861774722925,NGA
NGA.28.15_1,mixture,2,9,0.97610124569925,NGA
NGA.28.16_1,mixture,2,9,0.792749680857,NGA
NGA.28.17_1,mixture,2,7,0.6342894614925,NGA
NGA.28.18_1,mixture,2,9,0.921753199965,NGA
NGA.28.19_1,mixture,2,9,1.2534943466525,NGA
NGA.28.2_1,mixture,2,9,1.2146495901575,NGA
NGA.28.20_1,mixture,2,9,1.55303112623,NGA
NGA.28.3_1,mixture,2,9,0.973363258294675,NGA
NGA.28.4_1,mixture,2,9,1.50023257287375,NGA
NGA.28.5_1,mixture,2,9,1.043257398657,NGA
NGA.28.6_1,mixture,2,9,0.873666268842275,NGA
NGA.28.7_1,mixture,2,9,0.81443669132075,NGA
NGA.28.8_1,mixture,2,9,1.11869797510125,NGA
NGA.28.9_1,mixture,2,9,1.281058456205,NGA
NGA.29.1_1,mixture,2,7,0.6288312352075,NGA
NGA.29.10_1,mixture,2,7,0.5897908367065,NGA
NGA.29.11_1,mixture,2,7,0.56931933809125,NGA
NGA.29.12_1,mixture,2,7,0.647071201328,NGA
NGA.29.13_1,mixture,2,7,0.7160305234075,NGA
NGA.29.14_1,mixture,2,7,0.4660539210435,NGA
NGA.29.15_1,mixture,2,7,0.6650485537305,NGA
NGA.29.16_1,mixture,2,7,0.6706216766275,NGA
NGA.29.17_1,mixture,2,6,0.59853522674225,NGA
NGA.29.18_1,mixture,2,7,0.60231553283725,NGA
NGA.29.2_1,mixture,2,7,0.59946648018,NGA
NGA.29.3_1,mixture,2,7,0.63415144124025,NGA
NGA.29.4_1,mixture,2,7,0.62789002105,NGA
NGA.29.5_1,mixture,2,6,0.89362014281925,NGA
NGA.29.6_1,mixture,2,7,0.58949656659325,NGA
NGA.29.7_1,mixture,2,6,0.715388963305,NGA
NGA.29.8_1,mixture,2,7,0.56639403145975,NGA
NGA.29.9_1,mixture,2,7,0.6483744573275,NGA
NGA.3.1_1,mixture,2,9,0.857050438339225,NGA
NGA.3.10_1,mixture,2,7,0.65852126480175,NGA
NGA.3.11_1,mixture,2,7,0.6362672219375,NGA
NGA.3.12_1,mixture,2,7,0.6554395481335,NGA
NGA.3.13_1,mixture,2,7,0.595576284708,NGA
NGA.3.14_1,mixture,2,7,0.68995313330475,NGA
NGA.3.15_1,mixture,2,7,0.6603215399775,NGA
NGA.3.16_1,mixture,2,7,0.688470288144,NGA
NGA.3.17_1,mixture,2,7,0.6294235577255,NGA
NGA.3.18_1,mixture,2,7,0.718083602525,NGA
NGA.3.19_1,mixture,2,7,0.792108029575,NGA
NGA.3.2_1,mixture,2,9,0.687150185449,NGA
NGA.3.20_1,mixture,2,7,0.6637175264175,NGA
NGA.3.21_1,mixture,2,9,0.87869808562025,NGA
NGA.3.22_1,mixture,2,9,0.8588815794525,NGA
NGA.3.23_1,mixture,2,9,1.0352209824215,NGA
NGA.3.24_1,mixture,2,7,0.6459693256115,NGA
NGA.3.25_1,mixture,2,7,0.628592435315,NGA
NGA.3.26_1,mixture,2,9,0.9245141521025,NGA
NGA.3.27_1,mixture,2,7,0.6987027981075,NGA
NGA.3.28_1,mixture,2,7,0.6033521009985,NGA
NGA.3.29_1,mixture,2,9,0.72345899437575,NGA
NGA.3.3_1,mixture,2,7,0.6682068807575,NGA
NGA.3.30_1,mixture,2,9,0.66594825249075,NGA
NGA.3.31_1,mixture,2,9,0.8603443384959,NGA
NGA.3.4_1,mixture,2,7,0.637701219436,NGA
NGA.3.5_1,mixture,2,7,0.65812478898175,NGA
NGA.3.6_1,mixture,2,7,0.64549630563375,NGA
NGA.3.7_1,mixture,2,9,0.6596760646495,NGA
NGA.3.8_1,mixture,2,9,0.78216792044785,NGA
NGA.3.9_1,mixture,2,7,0.67800563150025,NGA
NGA.30.1_1,mixture,2,7,0.6772741078075,NGA
NGA.30.10_1,mixture,2,9,1.0065392303595,NGA
NGA.30.11_1,mixture,2,9,0.9065829462225,NGA
NGA.30.12_1,mixture,2,9,1.8539761339,NGA
NGA.30.13_1,mixture,2,9,1.3301965788075,NGA
NGA.30.14_1,mixture,2,9,1.4252923728125,NGA
NGA.30.15_1,mixture,2,9,1.4109419723525,NGA
NGA.30.16_1,mixture,2,9,1.042552998332,NGA
NGA.30.17_1,mixture,2,9,1.09094490267455,NGA
NGA.30.18_1,mixture,2,9,1.4893113511875,NGA
NGA.30.19_1,mixture,2,9,1.08784687131825,NGA
NGA.30.2_1,mixture,2,9,1.14464573025025,NGA
NGA.30.20_1,mixture,2,9,1.08269706455575,NGA
NGA.30.21_1,mixture,2,9,0.959237829329,NGA
NGA.30.22_1,mixture,2,9,0.9532562320115,NGA
NGA.30.23_1,mixture,2,9,1.123279803196,NGA
NGA.30.24_1,mixture,2,9,0.827267325375,NGA
NGA.30.25_1,mixture,2,9,0.8859945820295,NGA
NGA.30.26_1,mixture,2,9,1.08562520796975,NGA
NGA.30.27_1,mixture,2,9,0.808414072804,NGA
NGA.30.28_1,mixture,2,9,0.919143240608125,NGA
NGA.30.29_1,mixture,2,9,1.0349884294525,NGA
NGA.30.3_1,mixture,2,9,1.086360383728375,NGA
NGA.30.30_1,mixture,2,9,1.09264685626475,NGA
NGA.30.4_1,mixture,2,9,1.27590384386825,NGA
NGA.30.5_1,mixture,2,9,1.02184628597275,NGA
NGA.30.6_1,mixture,2,7,0.7011422772975,NGA
NGA.30.7_1,mixture,2,9,1.632142416275,NGA
NGA.30.8_1,mixture,2,9,1.21874698512225,NGA
NGA.30.9_1,mixture,2,9,1.174349569660375,NGA
NGA.31.1_1,mixture,2,9,0.794421485359,NGA
NGA.31.10_1,mixture,2,9,0.85225622812,NGA
NGA.31.11_1,mixture,2,9,1.058958885526,NGA
NGA.31.12_1,mixture,2,7,0.71543013436075,NGA
NGA.31.13_1,mixture,2,9,0.87008405810375,NGA
NGA.31.14_1,mixture,2,9,1.7232207525575,NGA
NGA.31.15_1,mixture,2,9,1.5759312397225,NGA
NGA.31.16_1,mixture,2,7,0.633397368706,NGA
NGA.31.17_1,mixture,2,9,1.1704992576,NGA
NGA.31.18_1,mixture,2,7,0.7163444271645,NGA
NGA.31.19_1,mixture,2,9,1.1140852073075,NGA
NGA.31.2_1,mixture,2,9,1.329792740836,NGA
NGA.31.20_1,mixture,2,9,0.9696257731085,NGA
NGA.31.21_1,mixture,2,9,0.9583110832325,NGA
NGA.31.22_1,mixture,2,7,0.66690698354425,NGA
NGA.31.23_1,mixture,2,9,1.001894493655,NGA
NGA.31.24_1,mixture,2,9,0.788992240886,NGA
NGA.31.25_1,mixture,2,9,1.1681741238235,NGA
NGA.31.26_1,mixture,2,9,1.5901394528,NGA
NGA.31.27_1,mixture,2,9,1.0308360997705,NGA
NGA.31.28_1,mixture,2,9,1.13604471355625,NGA
NGA.31.29_1,mixture,2,9,0.95424804044775,NGA
NGA.31.3_1,mixture,2,9,0.8539170027945,NGA
NGA.31.30_1,mixture,2,9,1.4223774570325,NGA
NGA.31.31_1,mixture,2,9,1.15508872739125,NGA
NGA.31.32_1,mixture,2,9,1.422058867464,NGA
NGA.31.33_1,mixture,2,7,0.75087904718025,NGA
NGA.31.4_1,mixture,2,7,0.74833096348250006,NGA
NGA.31.5_1,mixture,2,9,1.5932689701225,NGA
NGA.31.6_1,mixture,2,7,0.6855824630025,NGA
NGA.31.7_1,mixture,2,9,1.09631633472725,NGA
NGA.31.8_1,mixture,2,7,0.6312281447025,NGA
NGA.31.9_1,mixture,2,9,1.1298752816485,NGA
NGA.32.1_1,mixture,2,7,0.704990666225,NGA
NGA.32.10_1,mixture,2,9,0.853803825429175,NGA
NGA.32.11_1,mixture,2,7,0.9763900771175,NGA
NGA.32.12_1,mixture,2,9,1.032199920015,NGA
NGA.32.13_1,mixture,2,7,0.7644428003625,NGA
NGA.32.14_1,mixture,2,9,1.38904173706475,NGA
NGA.32.15_1,mixture,2,7,0.8272777165,NGA
NGA.32.16_1,mixture,2,9,1.0494513940475,NGA
NGA.32.17_1,mixture,2,6,0.8615881694225,NGA
NGA.32.2_1,mixture,2,6,0.881081637295,NGA
NGA.32.3_1,mixture,2,6,0.69519191224225,NGA
NGA.32.4_1,mixture,2,9,0.840036384143,NGA
NGA.32.5_1,mixture,2,6,1.49866168125,NGA
NGA.32.6_1,mixture,2,6,0.889602524185,NGA
NGA.32.7_1,mixture,2,6,1.02750563094,NGA
NGA.32.8_1,mixture,2,6,0.8250839670325,NGA
NGA.32.9_1,mixture,2,7,0.856017427675,NGA
NGA.33.1_1,mixture,2,7,0.549030424006,NGA
NGA.33.10_1,mixture,2,7,0.50913618939375,NGA
NGA.33.11_1,mixture,2,7,0.5672790326075,NGA
NGA.33.12_1,mixture,2,7,0.60717826623,NGA
NGA.33.13_1,mixture,2,7,0.708267156825,NGA
NGA.33.14_1,mixture,2,7,0.875796622525,NGA
NGA.33.15_1,mixture,2,6,0.72885374334125,NGA
NGA.33.16_1,mixture,2,7,0.61803256316,NGA
NGA.33.17_1,mixture,2,7,0.61344461739075,NGA
NGA.33.18_1,mixture,2,7,0.6713175356825,NGA
NGA.33.19_1,mixture,2,6,0.78187702085575,NGA
NGA.33.2_1,mixture,2,6,1.0542753760275,NGA
NGA.33.20_1,mixture,2,7,0.677275340275,NGA
NGA.33.21_1,mixture,2,6,0.6731338144215,NGA
NGA.33.22_1,mixture,2,7,0.622561010905,NGA
NGA.33.23_1,mixture,2,6,0.568106172528,NGA
NGA.33.3_1,mixture,2,7,0.539851689288725,NGA
NGA.33.4_1,mixture,2,7,0.9202392473,NGA
NGA.33.5_1,mixture,2,9,1.9745641926625,NGA
NGA.33.6_1,mixture,2,9,1.7758337415875,NGA
NGA.33.7_1,mixture,2,9,1.55677986289,NGA
NGA.33.8_1,mixture,2,9,1.484730582476,NGA
NGA.33.9_1,mixture,2,9,1.3657861449165,NGA
NGA.34.1_1,mixture,2,9,1.66383634241025,NGA
NGA.34.10_1,mixture,2,9,1.8877159897925,NGA
NGA.34.11_1,mixture,2,9,2.00752961485,NGA
NGA.34.12_1,mixture,2,9,1.68043970726225,NGA
NGA.34.13_1,mixture,2,9,1.988865769,NGA
NGA.34.14_1,mixture,2,9,1.909866369465,NGA
NGA.34.15_1,mixture,2,9,1.8168521643225,NGA
NGA.34.16_1,mixture,2,9,1.6249480602455,NGA
NGA.34.17_1,mixture,2,9,1.6434963511275,NGA
NGA.34.18_1,mixture,2,9,1.96352286792,NGA
NGA.34.19_1,mixture,2,9,1.983290038825,NGA
NGA.34.2_1,mixture,2,9,1.6000572223425,NGA
NGA.34.20_1,mixture,2,9,1.6821627065,NGA
NGA.34.21_1,mixture,2,9,1.4496673528475,NGA
NGA.34.22_1,mixture,2,9,2.1153082445,NGA
NGA.34.23_1,mixture,2,9,2.195300738255,NGA
NGA.34.3_1,mixture,2,9,2.0834492222025,NGA
NGA.34.4_1,mixture,2,9,1.60411004402825,NGA
NGA.34.5_1,mixture,2,9,1.5011104983995,NGA
NGA.34.6_1,mixture,2,9,1.05761134052575,NGA
NGA.34.7_1,mixture,2,9,1.524069349233475,NGA
NGA.34.8_1,mixture,2,7,0.6939155729625,NGA
NGA.34.9_1,mixture,2,9,1.20916352804825,NGA
NGA.35.1_1,mixture,2,9,1.223949415788,NGA
NGA.35.10_1,mixture,2,7,0.98066924125,NGA
NGA.35.11_1,mixture,2,9,0.879458103225,NGA
NGA.35.12_1,mixture,2,9,1.44614968243,NGA
NGA.35.13_1,mixture,2,9,0.9245236766227,NGA
NGA.35.14_1,mixture,2,7,0.5482414785105,NGA
NGA.35.15_1,mixture,2,9,1.1405084804875,NGA
NGA.35.16_1,mixture,2,9,1.283598069346,NGA
NGA.35.2_1,mixture,2,9,1.37066793188325,NGA
NGA.35.3_1,mixture,2,7,0.7565307569075,NGA
NGA.35.4_1,mixture,2,9,1.027890769574,NGA
NGA.35.5_1,mixture,2,7,0.89757781925,NGA
NGA.35.6_1,mixture,2,6,1.024435149,NGA
NGA.35.7_1,mixture,2,7,0.875362064075,NGA
NGA.35.8_1,mixture,2,7,0.5379342998747,NGA
NGA.35.9_1,mixture,2,9,0.89490171287975,NGA
NGA.36.1_1,mixture,2,9,1.142829435195,NGA
NGA.36.10_1,mixture,2,7,0.938635625825,NGA
NGA.36.11_1,mixture,2,9,1.0708554070105,NGA
NGA.36.12_1,mixture,2,9,1.08353584762225,NGA
NGA.36.13_1,mixture,2,9,1.26197551559875,NGA
NGA.36.14_1,mixture,2,9,1.8076906611075,NGA
NGA.36.15_1,mixture,2,9,0.9480170805,NGA
NGA.36.16_1,mixture,2,9,1.1869693555465,NGA
NGA.36.17_1,mixture,2,9,1.2340664460175,NGA
NGA.36.2_1,mixture,2,9,1.4245407594525,NGA
NGA.36.3_1,mixture,2,9,1.882884829875,NGA
NGA.36.4_1,mixture,2,9,1.997591480065,NGA
NGA.36.5_1,mixture,2,9,1.6121676898825,NGA
NGA.36.6_1,mixture,2,9,0.89064417276375,NGA
NGA.36.7_1,mixture,2,9,1.67754447265,NGA
NGA.36.8_1,mixture,2,9,1.95267652025,NGA
NGA.36.9_1,mixture,2,9,1.249817648164,NGA
NGA.37.1_1,mixture,2,9,1.75668332400575,NGA
NGA.37.10_1,mixture,2,9,1.52351868975475,NGA
NGA.37.11_1,mixture,2,9,1.6777368165,NGA
NGA.37.12_1,mixture,2,9,1.38839950769,NGA
NGA.37.13_1,mixture,2,9,1.736419390175,NGA
NGA.37.14_1,mixture,2,9,1.2972014873645,NGA
NGA.37.2_1,mixture,2,9,1.965069904,NGA
NGA.37.3_1,mixture,2,9,1.7858720250925,NGA
NGA.37.4_1,mixture,2,9,1.938232658145,NGA
NGA.37.5_1,mixture,2,9,1.81373262723,NGA
NGA.37.6_1,mixture,2,9,1.324819511885,NGA
NGA.37.7_1,mixture,2,9,1.5992206595925,NGA
NGA.37.8_1,mixture,2,9,1.18990413148675,NGA
NGA.37.9_1,mixture,2,9,1.9992886859,NGA
NGA.4.1_1,mixture,2,7,0.57833080663175,NGA
NGA.4.10_1,mixture,2,7,0.656959734805,NGA
NGA.4.11_1,mixture,2,7,0.63653554742875,NGA
NGA.4.12_1,mixture,2,7,0.6033109322,NGA
NGA.4.13_1,mixture,2,7,0.561126335369,NGA
NGA.4.14_1,mixture,2,7,0.552988545181,NGA
NGA.4.15_1,mixture,2,7,0.582648303445,NGA
NGA.4.16_1,mixture,2,7,0.502980613955,NGA
NGA.4.17_1,mixture,2,7,0.5192546681205,NGA
NGA.4.18_1,mixture,2,7,0.70817282765,NGA
NGA.4.19_1,mixture,2,7,0.53995813168565,NGA
NGA.4.2_1,mixture,2,6,0.49478110095675,NGA
NGA.4.20_1,mixture,2,6,0.69109181838475,NGA
NGA.4.21_1,mixture,2,7,0.59772389369475,NGA
NGA.4.3_1,mixture,2,1,0.477975222078025,NGA
NGA.4.4_1,mixture,2,7,0.60200570777725,NGA
NGA.4.5_1,mixture,2,7,0.625914355175,NGA
NGA.4.6_1,mixture,2,7,0.568065865302225,NGA
NGA.4.7_1,mixture,2,7,0.527934042777,NGA
NGA.4.8_1,mixture,2,7,0.581678993673,NGA
NGA.4.9_1,mixture,2,7,0.6845375101675,NGA
NGA.5.1_1,mixture,2,9,0.7352868881665,NGA
NGA.5.10_1,mixture,2,9,1.400814434855,NGA
NGA.5.11_1,mixture,2,9,1.8356530088025,NGA
NGA.5.12_1,mixture,2,9,1.38046146644775,NGA
NGA.5.13_1,mixture,2,9,1.78041972275,NGA
NGA.5.14_1,mixture,2,9,1.31815984572825,NGA
NGA.5.15_1,mixture,2,7,0.742754446275,NGA
NGA.5.16_1,mixture,2,9,1.32246526687675,NGA
NGA.5.17_1,mixture,2,9,1.065368436483,NGA
NGA.5.18_1,mixture,2,7,0.9000192135,NGA
NGA.5.19_1,mixture,2,9,1.762646758275,NGA
NGA.5.2_1,mixture,2,6,1.38061742625,NGA
NGA.5.20_1,mixture,2,9,1.6303255064225,NGA
NGA.5.3_1,mixture,2,9,1.1334551768573375,NGA
NGA.5.4_1,mixture,2,9,1.69710242645,NGA
NGA.5.5_1,mixture,2,9,1.61854038232,NGA
NGA.5.6_1,mixture,2,9,1.8820921772,NGA
NGA.5.7_1,mixture,2,9,1.552320770675,NGA
NGA.5.8_1,mixture,2,9,1.5213446818375,NGA
NGA.5.9_1,mixture,2,9,0.805459757258,NGA
NGA.6.1_1,mixture,2,6,1.0811541089625,NGA
NGA.6.2_1,mixture,2,6,0.7202106557055,NGA
NGA.6.3_1,mixture,2,6,0.55645200258875,NGA
NGA.6.4_1,mixture,2,6,0.65771951649,NGA
NGA.6.5_1,mixture,2,6,1.05046903,NGA
NGA.6.6_1,mixture,2,6,0.58885461823775,NGA
NGA.6.7_1,mixture,2,6,0.73780881942425,NGA
NGA.6.8_1,mixture,2,7,0.4235641819625,NGA
NGA.7.1_1,mixture,2,6,0.69447319471625,NGA
NGA.7.10_1,mixture,2,7,0.5491035964055,NGA
NGA.7.11_1,mixture,2,7,0.61958744270025,NGA
NGA.7.12_1,mixture,2,7,0.6469561015555,NGA
NGA.7.13_1,mixture,2,1,0.4923744634985,NGA
NGA.7.14_1,mixture,2,7,0.6163727395525,NGA
NGA.7.15_1,mixture,2,7,0.57424829659125,NGA
NGA.7.16_1,mixture,2,6,0.815127755947,NGA
NGA.7.17_1,mixture,2,7,0.604154722681,NGA
NGA.7.18_1,mixture,2,7,0.584341803065,NGA
NGA.7.19_1,mixture,2,7,0.61064000861375,NGA
NGA.7.2_1,mixture,2,7,0.63901689535525,NGA
NGA.7.20_1,mixture,2,7,0.62589274386275,NGA
NGA.7.21_1,mixture,2,7,0.64835851644275,NGA
NGA.7.22_1,mixture,2,7,0.6178156695925,NGA
NGA.7.23_1,mixture,2,7,0.62311345748975,NGA
NGA.7.3_1,mixture,2,7,0.7296714003425,NGA
NGA.7.4_1,mixture,2,7,0.608647318745,NGA
NGA.7.5_1,mixture,2,6,0.493947440315,NGA
NGA.7.6_1,mixture,2,6,0.597365979394025,NGA
NGA.7.7_1,mixture,2,6,0.680177487190525,NGA
NGA.7.8_1,mixture,2,7,0.6185603294203,NGA
NGA.7.9_1,mixture,2,7,0.9677384174,NGA
NGA.8.1_1,mixture,2,9,1.7177837133025,NGA
NGA.8.10_1,mixture,2,9,1.928803429975,NGA
NGA.8.11_1,mixture,2,9,1.796507281763,NGA
NGA.8.12_1,mixture,2,9,1.50888047395,NGA
NGA.8.13_1,mixture,2,9,2.6179920785,NGA
NGA.8.14_1,mixture,2,9,1.75361872801,NGA
NGA.8.15_1,mixture,2,9,1.588218636776675,NGA
NGA.8.16_1,mixture,2,9,1.6168625134,NGA
NGA.8.17_1,mixture,2,6,1.39723653975,NGA
NGA.8.18_1,mixture,2,9,2.18113541825,NGA
NGA.8.19_1,mixture,2,9,1.5865027947598,NGA
NGA.8.2_1,mixture,2,9,1.355435956617,NGA
NGA.8.20_1,mixture,2,9,2.37155811225,NGA
NGA.8.21_1,mixture,2,9,1.8090475727525,NGA
NGA.8.22_1,mixture,2,9,1.57429026911225,NGA
NGA.8.23_1,mixture,2,9,1.33031443622,NGA
NGA.8.24_1,mixture,2,9,1.664832396876525,NGA
NGA.8.25_1,mixture,2,9,2.37686457375,NGA
NGA.8.26_1,mixture,2,9,1.76120730332075,NGA
NGA.8.27_1,mixture,2,9,1.845907477075,NGA
NGA.8.28_1,mixture,2,9,2.080436085,NGA
NGA.8.3_1,mixture,2,9,1.01427130007975,NGA
NGA.8.4_1,mixture,2,9,1.626011635175,NGA
NGA.8.5_1,mixture,2,9,1.53921337786,NGA
NGA.8.6_1,mixture,2,9,1.796849911825,NGA
NGA.8.7_1,mixture,2,9,1.5517262310325,NGA
NGA.8.8_1,mixture,2,9,2.246299213,NGA
NGA.8.9_1,mixture,2,9,1.9087248293,NGA
NGA.9.1_1,mixture,2,7,0.58015935209975,NGA
NGA.9.10_1,mixture,2,7,0.58550863000075,NGA
NGA.9.11_1,mixture,2,7,0.58314954009,NGA
NGA.9.12_1,mixture,2,7,0.615398255415,NGA
NGA.9.13_1,mixture,2,7,0.5742745898885,NGA
NGA.9.14_1,mixture,2,7,0.75682847176,NGA
NGA.9.15_1,mixture,2,7,0.63028658455925,NGA
NGA.9.16_1,mixture,2,7,0.536691317661,NGA
NGA.9.17_1,mixture,2,7,0.685374204385,NGA
NGA.9.18_1,mixture,2,7,0.55464044965975,NGA
NGA.9.2_1,mixture,2,7,0.597224442549,NGA
NGA.9.3_1,mixture,2,7,0.6821256506175,NGA
NGA.9.4_1,mixture,2,7,0.62005333478,NGA
NGA.9.5_1,mixture,2,7,0.5912554498495,NGA
NGA.9.6_1,mixture,2,7,0.59625177905425,NGA
NGA.9.7_1,mixture,2,7,0.5327296274475,NGA
NGA.9.8_1,mixture,2,7,0.75664183225,NGA
NGA.9.9_1,mixture,2,7,0.5202719897884,NGA
SDN.1.1_1,mixture,2,7,2.8555955475,SDN
SDN.1.2_1,mixture,2,6,3.374155535,SDN
SDN.1.3_1,mixture,2,6,3.152084451925,SDN
SDN.1.4_1,mixture,2,6,2.9659281635,SDN
SDN.1.5_1,mixture,2,7,2.869306126,SDN
SDN.1.6_1,mixture,2,6,3.35873332665,SDN
SDN.1.7_1,mixture,2,6,3.242295187525,SDN
SDN.10.1_1,mixture,2,6,3.4452874275,SDN
SDN.10.2_1,mixture,2,6,3.23552755725,SDN
SDN.10.3_1,mixture,2,6,3.1118414525,SDN
SDN.10.4_1,mixture,2,6,3.26598370725,SDN
SDN.11.1_1,mixture,2,6,3.172755012325,SDN
SDN.11.2_1,mixture,2,6,3.11007918995,SDN
SDN.11.3_1,mixture,2,6,3.271771307,SDN
SDN.11.4_1,mixture,2,6,3.2161785335,SDN
SDN.12.1_1,mixture,2,6,3.009918448575,SDN
SDN.12.2_1,mixture,2,7,2.8527631275,SDN
SDN.12.3_1,mixture,2,6,3.10991845075,SDN
SDN.12.4_1,mixture,2,7,2.8445791795,SDN
SDN.12.5_1,mixture,2,7,2.847580345,SDN
SDN.12.6_1,mixture,2,6,3.07258975465,SDN
SDN.13.1_1,mixture,2,9,3.175541425675,SDN
SDN.13.2_1,mixture,2,9,5.4102348825,SDN
SDN.13.3_1,mixture,2,9,5.2085253875,SDN
SDN.14.1_1,mixture,2,9,3.9858178069865,SDN
SDN.14.2_1,mixture,2,9,3.974849279525,SDN
SDN.14.3_1,mixture,2,7,2.84995635175,SDN
SDN.14.4_1,mixture,2,7,2.8366141105,SDN
SDN.14.5_1,mixture,2,7,2.84901310225,SDN
SDN.15.1_1,mixture,2,9,3.729565591775,SDN
SDN.15.2_1,mixture,2,7,2.8445040775,SDN
SDN.15.3_1,mixture,2,6,3.5481618675,SDN
SDN.15.4_1,mixture,2,6,3.38165159175,SDN
SDN.15.5_1,mixture,2,9,3.82560183666035,SDN
SDN.16.1_1,mixture,2,7,2.8652229425,SDN
SDN.17.1_1,mixture,2,7,2.8346094382500002,SDN
SDN.17.2_1,mixture,2,7,2.8386723305,SDN
SDN.17.3_1,mixture,2,7,2.87137636,SDN
SDN.17.4_1,mixture,2,7,2.8183140925,SDN
SDN.17.5_1,mixture,2,7,2.83149571475,SDN
SDN.18.1_1,mixture,2,7,2.82955015125,SDN
SDN.18.2_1,mixture,2,7,2.84095724725,SDN
SDN.18.3_1,mixture,2,6,3.4907998025,SDN
SDN.18.4_1,mixture,2,6,3.0591302405,SDN
SDN.2.1_1,mixture,2,9,4.13356912075,SDN
SDN.2.2_1,mixture,2,9,4.68370629475,SDN
SDN.2.3_1,mixture,2,9,4.73529909025,SDN
SDN.2.4_1,mixture,2,9,4.6048707615,SDN
SDN.2.5_1,mixture,2,7,2.8593123475,SDN
SDN.3.1_1,mixture,2,7,2.837511915,SDN
SDN.3.2_1,mixture,2,6,2.8550149458075,SDN
SDN.3.3_1,mixture,2,9,3.9332046139,SDN
SDN.3.4_1,mixture,2,9,3.78087798665,SDN
SDN.3.5_1,mixture,2,7,2.829315255,SDN
SDN.4.1_1,mixture,2,9,4.2979990202975,SDN
SDN.4.2_1,mixture,2,9,4.99009792375,SDN
SDN.5.1_1,mixture,2,7,2.85184529875,SDN
SDN.5.2_1,mixture,2,9,3.19696311668675,SDN
SDN.6.1_1,mixture,2,9,3.386725800725,SDN
SDN.6.2_1,mixture,2,6,3.3015855925,SDN
SDN.6.3_1,mixture,2,9,4.8221496525,SDN
SDN.6.4_1,mixture,2,9,3.72717509975,SDN
SDN.6.5_1,mixture,2,9,3.79469506675,SDN
SDN.7.1_1,mixture,2,6,3.4657214075,SDN
SDN.7.2_1,mixture,2,6,3.06039013,SDN
SDN.7.3_1,mixture,2,6,3.10646616525,SDN
SDN.7.4_1,mixture,2,6,3.488509785,SDN
SDN.7.5_1,mixture,2,6,2.926249208,SDN
SDN.7.6_1,mixture,2,7,2.83971491075,SDN
SDN.7.7_1,mixture,2,7,2.84130063,SDN
SDN.8.1_1,mixture,2,9,3.7928729570475,SDN
SDN.8.2_1,mixture,2,9,3.76878584484,SDN
SDN.8.3_1,mixture,2,9,3.24814672481,SDN
SDN.8.4_1,mixture,2,7,2.83951960975,SDN
SDN.8.5_1,mixture,2,6,3.062587330675,SDN
SDN.9.1_1,mixture,2,6,3.084059742,SDN
SDN.9.2_1,mixture,2,7,2.86492488675,SDN
SDN.9.3_1,mixture,2,7,2.8537804125,SDN
SDN.9.4_1,mixture,2,6,2.97825149675,SDN
SDN.9.5_1,mixture,2,7,2.843618075,SDN
SLE.1_1,base,1,10,1.14359808564,SLE
SLE.2_1,base,1,10,1.14359808564,SLE
SLE.3_1,base,1,10,1.14359808564,SLE
SLE.4_1,base,1,10,1.14359808564,SLE
SOM.1_1,base,1,5,1.0728294,SOM
SOM.10_1,base,1,5,1.0728294,SOM
SOM.11_1,base,1,5,1.0728294,SOM
SOM.12_1,base,1,5,1.0728294,SOM
SOM.13_1,base,1,5,1.0728294,SOM
SOM.14_1,base,1,5,1.0728294,SOM
SOM.15_1,base,1,5,1.0728294,SOM
SOM.16_1,base,1,5,1.0728294,SOM
SOM.17_1,base,1,5,1.0728294,SOM
SOM.18_1,base,1,5,1.0728294,SOM
SOM.2_1,base,1,5,1.0728294,SOM
SOM.3_1,base,1,5,1.0728294,SOM
SOM.4_1,base,1,5,1.0728294,SOM
SOM.5_1,base,1,5,1.0728294,SOM
SOM.6_1,base,1,5,1.0728294,SOM
SOM.7_1,base,1,5,1.0728294,SOM
SOM.8_1,base,1,5,1.0728294,SOM
SOM.9_1,base,1,5,1.0728294,SOM
SSD.1.1_1,mixture,2,7,2.6561601075,SSD
SSD.1.2_1,mixture,2,7,3.042721927,SSD
SSD.1.3_1,mixture,2,5,0.6437867020275,SSD
SSD.1.4_1,mixture,2,7,2.7465648715,SSD
SSD.10.1_1,mixture,2,7,1.0594617176728975,SSD
SSD.10.2_1,mixture,2,7,1.027221468805,SSD
SSD.10.3_1,mixture,2,7,1.0559595531675,SSD
SSD.10.4_1,mixture,2,7,0.83345967737375,SSD
SSD.2.1_1,mixture,2,7,2.471068056275,SSD
SSD.2.2_1,mixture,2,7,2.18571768733,SSD
SSD.2.3_1,mixture,2,7,2.4036346665,SSD
SSD.2.4_1,mixture,2,7,1.6965289750475,SSD
SSD.3.1_1,mixture,2,7,1.44401726012,SSD
SSD.3.2_1,mixture,2,5,0.6620512357425,SSD
SSD.3.3_1,mixture,2,7,0.69200653918725,SSD
SSD.3.4_1,mixture,2,2,0.724237125799625,SSD
SSD.3.5_1,mixture,2,7,0.72748502946725,SSD
SSD.3.6_1,mixture,2,7,0.85559267891575,SSD
SSD.3.7_1,mixture,2,7,2.106797650405,SSD
SSD.4.1_1,mixture,2,5,0.581297579057,SSD
SSD.4.2_1,mixture,2,7,0.795965980205,SSD
SSD.4.3_1,mixture,2,7,0.814852825715375,SSD
SSD.4.4_1,mixture,2,5,0.5928562585035,SSD
SSD.5.1_1,mixture,2,5,0.6230507564675,SSD
SSD.5.2_1,mixture,2,5,0.62351382166025,SSD
SSD.5.3_1,mixture,2,5,0.611219286215,SSD
SSD.5.4_1,mixture,2,5,0.62281286784225,SSD
SSD.6.1_1,mixture,2,2,0.97525024569,SSD
SSD.6.2_1,mixture,2,5,0.5716419318165,SSD
SSD.6.3_1,mixture,2,5,0.611431449021,SSD
SSD.6.4_1,mixture,2,2,1.16408979555775,SSD
SSD.7.1_1,mixture,2,5,0.66939605730875,SSD
SSD.7.2_1,mixture,2,7,1.993000004785,SSD
SSD.7.3_1,mixture,2,5,0.6548664297875,SSD
SSD.7.4_1,mixture,2,5,0.6487063182225,SSD
SSD.7.5_1,mixture,2,5,0.65074547173175,SSD
SSD.7.6_1,mixture,2,5,0.66262281014425,SSD
SSD.7.7_1,mixture,2,5,0.6625784365895,SSD
SSD.7.8_1,mixture,2,7,1.9745026375525,SSD
SSD.8.1_1,mixture,2,5,0.6102846591095,SSD
SSD.8.2_1,mixture,2,5,0.61747495335975,SSD
SSD.8.3_1,mixture,2,7,2.128265627875,SSD
SSD.8.4_1,mixture,2,7,1.724268921865,SSD
SSD.9.1_1,mixture,2,5,0.6358298983445,SSD
SSD.9.2_1,mixture,2,5,0.64203747332525,SSD
TCD.1.1_1,mixture,2,9,2.20698493,TCD
TCD.10.1_1,mixture,2,9,2.163748931465,TCD
TCD.10.2_1,mixture,2,9,2.96419876175,TCD
TCD.11.1_1,mixture,2,9,1.8126744398875,TCD
TCD.11.2_1,mixture,2,9,1.8798631069925,TCD
TCD.11.3_1,mixture,2,9,1.7480003077375,TCD
TCD.12.1_1,mixture,2,9,1.816027259911,TCD
TCD.12.2_1,mixture,2,9,1.89256090930125,TCD
TCD.12.3_1,mixture,2,9,1.86998378607,TCD
TCD.12.4_1,mixture,2,9,1.8725260231925,TCD
TCD.13.1_1,mixture,2,9,1.88712505882,TCD
TCD.13.2_1,mixture,2,9,1.7534345100575,TCD
TCD.13.3_1,mixture,2,9,1.782073602643,TCD
TCD.14.1_1,mixture,2,9,1.8930215525825,TCD
TCD.14.2_1,mixture,2,9,1.69005703095725,TCD
TCD.14.3_1,mixture,2,9,1.9126422063415,TCD
TCD.15.1_1,mixture,2,9,1.593262240975,TCD
TCD.15.2_1,mixture,2,9,2.69716876625,TCD
TCD.16.1_1,mixture,2,9,1.9547147212775,TCD
TCD.16.2_1,mixture,2,9,1.90644340669675,TCD
TCD.16.3_1,mixture,2,9,2.143912720885,TCD
TCD.17.1_1,mixture,2,9,2.1156291397,TCD
TCD.17.2_1,mixture,2,9,2.27197831073875,TCD
TCD.17.3_1,mixture,2,9,2.7622836995,TCD
TCD.18.1_1,mixture,2,9,2.83046917975,TCD
TCD.18.2_1,mixture,2,9,2.082242843775,TCD
TCD.18.3_1,mixture,2,9,2.5990597116,TCD
TCD.19.1_1,mixture,2,9,2.1156143983,TCD
TCD.19.2_1,mixture,2,9,2.4796330427,TCD
TCD.2.1_1,mixture,2,9,1.97922795543025,TCD
TCD.2.2_1,mixture,2,9,2.03452748187,TCD
TCD.2.3_1,mixture,2,9,2.010575006215,TCD
TCD.20.1_1,mixture,2,9,2.2361043491625,TCD
TCD.20.2_1,mixture,2,9,1.8524150556225,TCD
TCD.20.3_1,mixture,2,9,2.2578929265,TCD
TCD.21.1_1,mixture,2,9,2.0757888539565,TCD
TCD.22.1_1,mixture,2,9,2.71117590575,TCD
TCD.23.1_1,mixture,2,9,2.2422646501925,TCD
TCD.23.2_1,mixture,2,9,2.196946468725,TCD
TCD.23.3_1,mixture,2,9,2.1045172669925,TCD
TCD.3.1_1,mixture,2,9,2.1891205997575,TCD
TCD.4.1_1,mixture,2,9,2.116800766675,TCD
TCD.4.2_1,mixture,2,7,1.1705110585425,TCD
TCD.4.3_1,mixture,2,9,1.890043009315,TCD
TCD.5.1_1,mixture,2,9,2.1772354120275,TCD
TCD.6.1_1,mixture,2,9,2.1798417016475,TCD
TCD.7.1_1,mixture,2,9,2.247793696809,TCD
TCD.7.2_1,mixture,2,9,2.894119266,TCD
TCD.7.3_1,mixture,2,9,2.27939720149,TCD
TCD.7.4_1,mixture,2,9,2.3800274320615,TCD
TCD.8.1_1,mixture,2,9,2.0068232071575,TCD
TCD.8.2_1,mixture,2,9,1.7430797979475,TCD
TCD.8.3_1,mixture,2,9,2.6867654115,TCD
TCD.9.1_1,mixture,2,9,2.023421898875,TCD
TCD.9.2_1,mixture,2,9,2.1492349610075,TCD
TZA.1_1,mixture_offset,1,12,0.746794293495,TZA
TZA.10_1,mixture_offset,1,12,0.77909770485,TZA
TZA.11_1,mixture_offset,1,12,0.7746275791925,TZA
TZA.12_1,mixture_offset,1,12,0.781084081735,TZA
TZA.13_1,mixture_offset,1,12,0.7317801368,TZA
TZA.14_1,mixture_offset,1,12,0.775821588915,TZA
TZA.15_1,mixture_offset,1,12,0.7945885320405,TZA
TZA.16_1,mixture_offset,1,12,0.721202387175,TZA
TZA.17_1,mixture_offset,1,12,0.74631565521025,TZA
TZA.18_1,mixture_offset,1,12,0.70493034155,TZA
TZA.19_1,mixture_offset,1,12,0.70279207778,TZA
TZA.2_1,mixture_offset,1,12,0.69773382395,TZA
TZA.20_1,mixture_offset,1,12,0.7317033703,TZA
TZA.21_1,mixture_offset,1,12,0.728221764575,TZA
TZA.22_1,mixture_offset,1,12,0.753166295825,TZA
TZA.23_1,mixture_offset,1,12,0.722406199175,TZA
TZA.24_1,mixture_offset,1,12,0.7396158441,TZA
TZA.25_1,mixture_offset,1,12,0.734791268,TZA
TZA.26_1,mixture_offset,1,12,0.733771399525,TZA
TZA.27_1,mixture_offset,1,12,0.71023533985,TZA
TZA.28_1,mixture_offset,1,12,0.690906967225,TZA
TZA.29_1,mixture_offset,1,12,0.67669587555,TZA
TZA.3_1,mixture_offset,1,12,0.749092932225,TZA
TZA.30_1,mixture_offset,1,12,0.67972774445,TZA
TZA.4_1,mixture_offset,1,12,0.72384838815,TZA
TZA.5_1,mixture_offset,1,12,0.747367985735,TZA
TZA.6_1,mixture_offset,1,12,0.71976934975,TZA
TZA.7_1,mixture_offset,1,12,0.73004976015,TZA
TZA.8_1,mixture_offset,1,12,0.719975444,TZA
TZA.9_1,mixture_offset,1,12,0.75798562039825,TZA
UGA.1_1,mixture,1,5,0.32807931169866666,UGA
UGA.10_1,mixture,1,5,0.3141242468523333,UGA
UGA.11_1,mixture,1,11,0.5818431557406667,UGA
UGA.12_1,mixture,1,11,0.6488179954895333,UGA
UGA.13_1,mixture,1,11,0.453123042269,UGA
UGA.14_1,mixture,1,5,0.298063987139,UGA
UGA.15_1,mixture,1,10,0.3300826101846333,UGA
UGA.16_1,mixture,1,12,1.2037421001333333,UGA
UGA.17_1,mixture,1,5,0.302452404825,UGA
UGA.18_1,mixture,1,11,0.8905049061166334,UGA
UGA.19_1,mixture,1,11,1.02892930701,UGA
UGA.2_1,mixture,1,4,0.4594823422493333,UGA
UGA.20_1,mixture,1,4,0.48553053539333335,UGA
UGA.21_1,mixture,1,10,0.341681992094,UGA
UGA.22_1,mixture,1,4,0.3327399561613,UGA
UGA.23_1,mixture,1,5,0.3295538021123333,UGA
UGA.24_1,mixture,1,5,0.301041117006,UGA
UGA.25_1,mixture,1,10,0.3158448259150333,UGA
UGA.26_1,mixture,1,11,0.6036985971872,UGA
UGA.27_1,mixture,1,4,0.36344354627733333,UGA
UGA.28_1,mixture,1,4,0.41926009952453336,UGA
UGA.29_1,mixture,1,4,0.43137284744046667,UGA
UGA.3_1,mixture,1,5,0.30090505322266664,UGA
UGA.30_1,mixture,1,10,0.289708847293,UGA
UGA.31_1,mixture,1,10,0.289195367595,UGA
UGA.32_1,mixture,1,10,0.3556131839566667,UGA
UGA.33_1,mixture,1,4,0.434395897097,UGA
UGA.34_1,mixture,1,10,0.2972061487538,UGA
UGA.35_1,mixture,1,10,0.3489175659778,UGA
UGA.36_1,mixture,1,4,0.37330931594766664,UGA
UGA.37_1,mixture,1,10,0.32405909999666666,UGA
UGA.38_1,mixture,1,4,0.666497543259,UGA
UGA.39_1,mixture,1,10,0.3655916399363333,UGA
UGA.4_1,mixture,1,4,0.35021149199511664,UGA
UGA.40_1,mixture,1,5,0.336154542957,UGA
UGA.41_1,mixture,1,4,0.51293651397,UGA
UGA.42_1,mixture,1,5,0.2875682464146,UGA
UGA.43_1,mixture,1,10,0.31352090726,UGA
UGA.44_1,mixture,1,10,0.3461037739066667,UGA
UGA.45_1,mixture,1,4,0.4009249269713333,UGA
UGA.46_1,mixture,1,5,0.2884542113924667,UGA
UGA.47_1,mixture,1,10,0.33749851240133333,UGA
UGA.48_1,mixture,1,11,0.527562017754,UGA
UGA.49_1,mixture,1,10,0.31281562562366666,UGA
UGA.5_1,mixture,1,5,0.296586795467,UGA
UGA.50_1,mixture,1,10,0.35156666593696667,UGA
UGA.51_1,mixture,1,10,0.36382262899,UGA
UGA.52_1,mixture,1,10,0.4203857026296667,UGA
UGA.53_1,mixture,1,10,0.3454185712955,UGA
UGA.54_1,mixture,1,4,0.3865091384073333,UGA
UGA.55_1,mixture,1,5,0.30738684471736666,UGA
UGA.56_1,mixture,1,4,0.37607565526223335,UGA
UGA.57_1,mixture,1,10,0.34890822825976664,UGA
UGA.58_1,mixture,1,11,0.710346439367,UGA
UGA.6_1,mixture,1,10,0.2872984646294667,UGA
UGA.7_1,mixture,1,12,1.468147789,UGA
UGA.8_1,mixture,1,4,0.40411151345766666,UGA
UGA.9_1,mixture,1,5,0.28677314068183335,UGA
ZAF.1_1,base,1,3,1.30848186675,ZAF
ZAF.2_1,base,1,3,1.30848186675,ZAF
ZAF.3_1,base,1,3,1.30848186675,ZAF
ZAF.4_1,base,1,3,1.30848186675,ZAF
ZAF.5_1,base,1,3,1.30848186675,ZAF
ZAF.6_1,base,1,3,1.30848186675,ZAF
ZAF.7_1,base,1,3,1.30848186675,ZAF
ZAF.8_1,base,1,3,1.30848186675,ZAF
ZAF.9_1,base,1,3,1.30848186675,ZAF
ZMB.1_1,base,1,11,1.362792589575,ZMB
ZMB.10_1,base,1,11,1.362792589575,ZMB
ZMB.2_1,base,1,11,1.362792589575,ZMB
ZMB.3_1,base,1,11,1.362792589575,ZMB
ZMB.4_1,base,1,11,1.362792589575,ZMB
ZMB.5_1,base,1,11,1.362792589575,ZMB
ZMB.6_1,base,1,11,1.362792589575,ZMB
ZMB.7_1,base,1,11,1.362792589575,ZMB
ZMB.8_1,base,1,11,1.362792589575,ZMB
ZMB.9_1,base,1,11,1.362792589575,ZMB
